0,1853.09595,1847.36938,0.006,0.026000000000000002,0.0,0.1,12.07614779472351
1,nan,nan,0.013999999999999999,0.0,4.0,0.1,108.15747165679932
1,nan,nan,0.008,0.0,5.0,0.1,109.37710046768187
1,nan,nan,0.002,0.0,6.0,0.1,109.07028841972351
2,nan,nan,0.006,0.0,3.0,0.1,204.23080706596372
2,nan,nan,0.002,0.0,4.0,0.1,204.1704065799713
2,nan,nan,0.002,0.0,7.0,0.1,205.42548751831055
3,nan,nan,0.008,0.0,5.0,0.1,295.00861120224
3,nan,nan,0.0,0.0,5.0,0.1,297.897536277771
3,nan,nan,0.004,0.0,6.0,0.1,297.22835564613337
4,nan,nan,0.006,0.0,5.0,0.1,392.25375080108637
4,nan,nan,0.002,0.0,5.0,0.1,391.4959542751312
4,nan,nan,0.0,0.0,5.0,0.1,393.42403984069824
5,nan,nan,0.004,0.0,5.0,0.1,485.191064119339
5,nan,nan,0.004,0.0,5.0,0.1,487.4941928386688
5,nan,nan,0.002,0.0,5.0,0.1,488.6328027248383
6,nan,nan,0.002,0.0,5.0,0.1,581.342809677124
6,nan,nan,0.002,0.0,5.0,0.1,579.2600665092467
6,nan,nan,0.004,0.0,5.0,0.1,581.5068459510802
7,nan,nan,0.012,0.0,5.0,0.1,673.4420282840729
7,nan,nan,0.004,0.0,5.0,0.1,676.1394641399384
7,nan,nan,0.006,0.0,5.0,0.1,676.5270545482634
8,nan,nan,0.01,0.0,5.0,0.1,769.9167060852051
8,nan,nan,0.008,0.0,5.0,0.1,770.3370203971863
8,nan,nan,0.004,0.0,5.0,0.1,770.798905134201
9,nan,nan,0.008,0.0,5.0,0.1,863.3826677799225
9,nan,nan,0.002,0.0,4.0,0.1,862.2473599910736
9,nan,nan,0.004,0.0,5.0,0.1,864.887532711029
10,nan,nan,0.002,0.0,5.0,0.1,958.4588136672974
10,nan,nan,0.002,0.0,5.0,0.1,957.5875101089478
10,nan,nan,0.004,0.0,4.0,0.1,958.9447212219237
11,nan,nan,0.013999999999999999,0.0,5.0,0.1,1052.981102228165
11,nan,nan,0.0,0.0,6.0,0.1,1053.7399871349337
11,nan,nan,0.002,0.0,5.0,0.1,1053.9418931007383
12,nan,nan,0.006,0.0,5.0,0.1,1145.6420452594755
12,nan,nan,0.004,0.0,5.0,0.1,1146.9512312412262
12,nan,nan,0.002,0.0,5.0,0.1,1149.0778329372404
13,nan,nan,0.0,0.0,5.0,0.1,1243.1750273704527
13,nan,nan,0.006,0.0,5.0,0.1,1242.8883051872251
13,nan,nan,0.012,0.0,5.0,0.1,1241.1606318950653
14,nan,nan,0.008,0.0,6.0,0.1,1337.7142107486725
14,nan,nan,0.006,0.0,5.0,0.1,1336.442429304123
15,nan,nan,0.006,0.0,7.0,0.1,1431.1317133903506
15,nan,nan,0.002,0.0,5.0,0.1,1429.255075931549
15,nan,nan,0.002,0.0,5.0,0.1,1431.816870689392
15,nan,nan,0.004,0.0,5.0,0.1,1433.3593323230746
15,nan,nan,0.01,0.0,5.0,0.1,1432.4401297569275
16,nan,nan,0.01,0.0,5.0,0.1,1528.01850771904
16,nan,nan,0.004,0.0,6.0,0.1,1528.018324136734
16,nan,nan,0.01,0.0,5.0,0.1,1528.604374885559
16,nan,nan,0.004,0.0,5.0,0.1,1526.6631152629852
17,nan,nan,0.008,0.0,4.0,0.1,1624.0097436904907
17,nan,nan,0.006,0.0,4.0,0.1,1621.97190284729
17,nan,nan,0.002,0.0,5.0,0.1,1623.3935420513153
18,nan,nan,0.008,0.0,5.0,0.1,1717.8526771068573
18,nan,nan,0.008,0.0,7.0,0.1,1718.2373344898224
18,nan,nan,0.002,0.0,5.0,0.1,1718.1021404266355
18,nan,nan,0.006,0.0,4.0,0.1,1716.4683592319489
19,nan,nan,0.002,0.0,5.0,0.1,1811.6761140823364
19,nan,nan,0.01,0.0,5.0,0.1,1813.4151406288147
19,nan,nan,0.006,0.0,4.0,0.1,1811.8041927814484
20,nan,nan,0.002,0.0,5.0,0.1,1908.0518934726715
20,nan,nan,0.004,0.0,5.0,0.1,1908.5073618888853
20,nan,nan,0.002,0.0,5.0,0.1,1907.6144273281095
21,nan,nan,0.002,0.0,3.0,0.1,2000.6367304325104
21,nan,nan,0.008,0.0,5.0,0.1,2003.4351587295525
21,nan,nan,0.008,0.0,5.0,0.1,2003.115492105484
22,nan,nan,0.002,0.0,4.0,0.1,2096.5890066623692
22,nan,nan,0.002,0.0,5.0,0.1,2097.1199588775635
22,nan,nan,0.0,0.0,5.0,0.1,2096.9811010360722
23,nan,nan,0.0,0.0,6.0,0.1,2190.8689284324646
23,nan,nan,0.004,0.0,5.0,0.1,2191.1808230876927
23,nan,nan,0.004,0.0,5.0,0.1,2192.1203079223637
23,nan,nan,0.008,0.0,5.0,0.1,2191.518414735794
24,nan,nan,0.002,0.0,5.0,0.1,2285.087685823441
24,nan,nan,0.006,0.0,5.0,0.1,2283.297064065933
24,nan,nan,0.002,0.0,5.0,0.1,2286.5266642570496
25,nan,nan,0.008,0.0,5.0,0.1,2379.852371931076
25,nan,nan,0.004,0.0,4.0,0.1,2380.8363246917725
26,nan,nan,0.006,0.0,5.0,0.1,2472.8524270057683
26,nan,nan,0.0,0.0,5.0,0.1,2471.9922387599945
26,nan,nan,0.01,0.0,4.0,0.1,2475.2637615203853
27,nan,nan,0.004,0.0,5.0,0.1,2565.430899143219
27,nan,nan,0.004,0.0,5.0,0.1,2568.452432870865
27,nan,nan,0.002,0.0,6.0,0.1,2568.4567112922673
28,nan,nan,0.006,0.0,5.0,0.1,2662.06328868866
28,nan,nan,0.0,0.0,5.0,0.1,2662.399478912353
28,nan,nan,0.002,0.0,4.0,0.1,2660.295707464218
29,nan,nan,0.006,0.0,5.0,0.1,2753.3774783611298
29,nan,nan,0.0,0.0,6.0,0.1,2755.96741437912
29,nan,nan,0.004,0.0,4.0,0.1,2756.476909637451
29,nan,nan,0.002,0.0,5.0,0.1,2757.217470884323
30,nan,nan,0.006,0.0,5.0,0.1,2850.751341581345
30,nan,nan,0.004,0.0,6.0,0.1,2851.501475811005
30,nan,nan,0.008,0.0,5.0,0.1,2851.4607331752777
30,nan,nan,0.016,0.0,5.0,0.1,2849.7162544727325
31,nan,nan,0.004,0.0,5.0,0.1,2944.4694838523865
32,nan,nan,0.008,0.0,4.0,0.1,3040.016820430756
32,nan,nan,0.002,0.0,6.0,0.1,3040.660960674286
32,nan,nan,0.004,0.0,4.0,0.1,3038.8300483226776
32,nan,nan,0.006,0.0,6.0,0.1,3040.473343372345
33,nan,nan,0.0,0.0,5.0,0.1,3134.221710920334
33,nan,nan,0.008,0.0,5.0,0.1,3133.665505170822
33,nan,nan,0.006,0.0,4.0,0.1,3136.333888292313
34,nan,nan,0.004,0.0,5.0,0.1,3228.652595996857
35,nan,nan,0.006,0.0,5.0,0.1,3323.276720046997
35,nan,nan,0.01,0.0,5.0,0.1,3323.5700392723083
36,nan,nan,0.002,0.0,5.0,0.1,3417.740494966507
36,nan,nan,0.002,0.0,6.0,0.1,3417.4693026542664
36,nan,nan,0.0,0.0,5.0,0.1,3417.725948572159
36,nan,nan,0.006,0.0,5.0,0.1,3415.5164184570312
37,nan,nan,0.002,0.0,4.0,0.1,3510.315165281296
37,nan,nan,0.01,0.0,3.0,0.1,3513.011076450348
37,nan,nan,0.002,0.0,6.0,0.1,3512.7602632045746
38,nan,nan,0.006,0.0,5.0,0.1,3605.119952440262
38,nan,nan,0.006,0.0,5.0,0.1,3608.088227748871
39,nan,nan,0.004,0.0,5.0,0.1,3700.781188249588
39,nan,nan,0.006,0.0,4.0,0.1,3702.3608858585358
39,nan,nan,0.006,0.0,5.0,0.1,3702.473330259323
39,nan,nan,0.0,0.0,5.0,0.1,3702.90050816536
40,nan,nan,0.004,0.0,5.0,0.1,3794.0479855537415
40,nan,nan,0.004,0.0,5.0,0.1,3796.734278202057
40,nan,nan,0.002,0.0,5.0,0.01,3797.088447093964
41,nan,nan,0.004,0.0,4.0,0.01,3891.785575866699
41,nan,nan,0.006,0.0,5.0,0.01,3892.514002799988
42,nan,nan,0.0,0.0,5.0,0.01,3987.283273935318
42,nan,nan,0.0,0.0,5.0,0.01,3987.7161939144135
42,nan,nan,0.01,0.0,5.0,0.01,3988.621293067932
43,nan,nan,0.0,0.0,4.0,0.01,4080.583765268326
43,nan,nan,0.008,0.0,5.0,0.01,4083.59438252449
43,nan,nan,0.01,0.0,6.0,0.01,4083.853754043579
44,nan,nan,0.008,0.0,4.0,0.01,4176.248969554901
44,nan,nan,0.002,0.0,6.0,0.01,4179.312273025513
45,nan,nan,0.004,0.0,6.0,0.01,4272.1729679107675
45,nan,nan,0.004,0.0,5.0,0.01,4274.609932184218
45,nan,nan,0.008,0.0,6.0,0.01,4275.4669682979575
46,nan,nan,0.004,0.0,4.0,0.01,4369.465433359146
46,nan,nan,0.004,0.0,6.0,0.01,4369.2186448574075
46,nan,nan,0.002,0.0,4.0,0.01,4368.148900747299
47,nan,nan,0.008,0.0,3.0,0.01,4464.053838253021
47,nan,nan,0.002,0.0,4.0,0.01,4466.520379304886
47,nan,nan,0.0,0.0,5.0,0.01,4466.0994589328775
48,nan,nan,0.01,0.0,5.0,0.01,4561.4056363105765
48,nan,nan,0.0,0.0,4.0,0.01,4561.89714884758
48,nan,nan,0.002,0.0,5.0,0.01,4562.618318557739
49,nan,nan,0.006,0.0,5.0,0.01,4657.926210641861
49,nan,nan,0.01,0.0,4.0,0.01,4658.507801532744
50,nan,nan,0.006,0.0,5.0,0.01,4750.900357723236
50,nan,nan,0.006,0.0,5.0,0.01,4753.708940267563
50,nan,nan,0.004,0.0,5.0,0.01,4754.370355129242
51,nan,nan,0.012,0.0,5.0,0.01,4847.1903405189505
51,nan,nan,0.008,0.0,5.0,0.01,4849.6158888340005
52,nan,nan,0.004,0.0,5.0,0.01,4944.6484858989725
52,nan,nan,0.004,0.0,5.0,0.01,4945.144663095474
52,nan,nan,0.006,0.0,5.0,0.01,4945.755805015564
53,nan,nan,0.004,0.0,4.0,0.01,5041.006362915039
53,nan,nan,0.0,0.0,5.0,0.01,5040.686892032623
53,nan,nan,0.002,0.0,5.0,0.01,5042.691638469696
54,nan,nan,0.0,0.0,4.0,0.01,5137.3784658908835
54,nan,nan,0.006,0.0,5.0,0.01,5136.214247226715
54,nan,nan,0.002,0.0,6.0,0.01,5137.771066427231
55,nan,nan,0.002,0.0,6.0,0.01,5232.6140592098245
55,nan,nan,0.002,0.0,6.0,0.01,5231.865594148636
55,nan,nan,0.002,0.0,4.0,0.01,5234.087365150453
56,nan,nan,0.002,0.0,4.0,0.01,5326.366487503052
56,nan,nan,0.0,0.0,5.0,0.01,5329.362979888916
57,nan,nan,0.006,0.0,5.0,0.01,5424.7801425457
57,nan,nan,0.002,0.0,6.0,0.01,5426.26332616806
58,nan,nan,0.004,0.0,5.0,0.01,5519.870270967484
58,nan,nan,0.002,0.0,4.0,0.01,5518.592552423476
58,nan,nan,0.008,0.0,6.0,0.01,5521.467535018921
59,nan,nan,0.004,0.0,5.0,0.01,5613.552617311479
59,nan,nan,0.004,0.0,5.0,0.01,5616.375943183899
60,nan,nan,0.006,0.0,4.0,0.01,5708.77863407135
60,nan,nan,0.006,0.0,6.0,0.01,5711.655309677124
60,nan,nan,0.008,0.0,4.0,0.01,5712.20242357254
61,nan,nan,0.006,0.0,5.0,0.01,5806.340642929077
61,nan,nan,0.002,0.0,5.0,0.01,5803.843818902968
61,nan,nan,0.006,0.0,5.0,0.01,5806.498146533966
61,nan,nan,0.006,0.0,4.0,0.01,5806.678732395172
61,nan,nan,0.0,0.0,6.0,0.01,5807.597111225128
62,nan,nan,0.008,0.0,5.0,0.01,5903.481183052063
62,nan,nan,0.0,0.0,4.0,0.01,5901.7626485824585
63,nan,nan,0.002,0.0,3.0,0.01,5999.9390881061545
63,nan,nan,0.002,0.0,6.0,0.01,5999.210240840912
63,nan,nan,0.006,0.0,4.0,0.01,5998.155075073242
64,nan,nan,0.002,0.0,5.0,0.01,6094.668638944627
64,nan,nan,0.0,0.0,5.0,0.01,6095.794035196303
64,nan,nan,0.002,0.0,4.0,0.01,6096.0011909008035
65,nan,nan,0.004,0.0,4.0,0.01,6191.184601306915
65,nan,nan,0.0,0.0,6.0,0.01,6191.422760009766
65,nan,nan,0.006,0.0,5.0,0.01,6192.106564998627
66,nan,nan,0.002,0.0,5.0,0.01,6287.080798387528
66,nan,nan,0.004,0.0,3.0,0.01,6285.641360998155
66,nan,nan,0.008,0.0,5.0,0.01,6286.921703338623
67,nan,nan,0.006,0.0,5.0,0.01,6383.032147169112
67,nan,nan,0.004,0.0,5.0,0.01,6383.426790237427
67,nan,nan,0.0,0.0,5.0,0.01,6383.8073546886435
68,nan,nan,0.004,0.0,5.0,0.01,6476.956401348114
68,nan,nan,0.006,0.0,6.0,0.01,6478.689001798629
68,nan,nan,0.006,0.0,5.0,0.01,6480.337843418121
69,nan,nan,0.008,0.0,4.0,0.01,6575.04124236107
69,nan,nan,0.004,0.0,5.0,0.01,6575.542797088623
69,nan,nan,0.002,0.0,5.0,0.01,6575.555608034135
70,nan,nan,0.01,0.0,5.0,0.01,6669.453935861588
70,nan,nan,0.004,0.0,5.0,0.01,6668.191788196564
70,nan,nan,0.002,0.0,4.0,0.01,6671.280812978745
71,nan,nan,0.006,0.0,4.0,0.01,6765.828670501709
71,nan,nan,0.002,0.0,6.0,0.01,6765.971040725708
71,nan,nan,0.008,0.0,3.0,0.01,6767.295048952104
71,nan,nan,0.002,0.0,6.0,0.01,6767.058160543443
72,nan,nan,0.0,0.0,5.0,0.01,6861.652452945709
72,nan,nan,0.006,0.0,4.0,0.01,6861.978003501892
72,nan,nan,0.01,0.0,6.0,0.01,6862.243848800659
73,nan,nan,0.008,0.0,5.0,0.01,6957.71089577675
73,nan,nan,0.004,0.0,8.0,0.01,6957.470086097717
73,nan,nan,0.008,0.0,6.0,0.01,6957.972333431244
74,nan,nan,0.006,0.0,4.0,0.01,7050.910217285156
74,nan,nan,0.006,0.0,5.0,0.01,7053.566474199294
75,nan,nan,0.006,0.0,4.0,0.01,7145.252597332001
75,nan,nan,0.012,0.0,6.0,0.01,7147.466774940491
75,nan,nan,0.002,0.0,5.0,0.01,7149.183015346527
76,nan,nan,0.004,0.0,5.0,0.01,7243.546136617661
76,nan,nan,0.006,0.0,5.0,0.01,7243.659849882127
76,nan,nan,0.002,0.0,5.0,0.01,7241.678223848344
77,nan,nan,0.002,0.0,5.0,0.01,7337.939903974532
77,nan,nan,0.0,0.0,5.0,0.01,7338.994595766067
77,nan,nan,0.002,0.0,4.0,0.01,7336.829344987868
78,nan,nan,0.004,0.0,4.0,0.01,7433.651569128035
78,nan,nan,0.002,0.0,6.0,0.01,7433.396654367448
79,nan,nan,0.0,0.0,4.0,0.01,7529.111304283142
79,nan,nan,0.0,0.0,5.0,0.01,7527.243941783905
79,nan,nan,0.004,0.0,7.0,0.01,7529.203407764435
80,nan,nan,0.002,0.0,4.0,0.01,7621.275159358978
80,nan,nan,0.002,0.0,7.0,0.01,7624.005146265029
80,nan,nan,0.006,0.0,5.0,0.001,7624.369664669037
80,nan,nan,0.002,0.0,5.0,0.001,7624.017419815063
81,nan,nan,0.002,0.0,4.0,0.001,7719.6902520656595
81,nan,nan,0.004,0.0,4.0,0.001,7717.772528409959
81,nan,nan,0.0,0.0,7.0,0.001,7719.5657081604
82,nan,nan,0.008,0.0,4.0,0.001,7816.176361322404
82,nan,nan,0.002,0.0,7.0,0.001,7816.193143367767
82,nan,nan,0.004,0.0,6.0,0.001,7816.51025748253
83,nan,nan,0.002,0.0,5.0,0.001,7910.054643154144
83,nan,nan,0.004,0.0,4.0,0.001,7913.163932323456
83,nan,nan,0.004,0.0,5.0,0.001,7913.793434143066
84,nan,nan,0.004,0.0,4.0,0.001,8010.076693058014
84,nan,nan,0.004,0.0,5.0,0.001,8010.578158617021
84,nan,nan,0.004,0.0,6.0,0.001,8010.880573272705
85,nan,nan,0.006,0.0,4.0,0.001,8104.089725971222
85,nan,nan,0.004,0.0,4.0,0.001,8107.272285461426
86,nan,nan,0.008,0.0,4.0,0.001,8203.532598257065
86,nan,nan,0.008,0.0,4.0,0.001,8201.486285924911
86,nan,nan,0.002,0.0,7.0,0.001,8203.196255683899
87,nan,nan,0.006,0.0,4.0,0.001,8297.894785165787
87,nan,nan,0.0,0.0,7.0,0.001,8299.832123041153
87,nan,nan,0.004,0.0,4.0,0.001,8301.203731536865
87,nan,nan,0.004,0.0,6.0,0.001,8302.102824926376
88,nan,nan,0.004,0.0,4.0,0.001,8398.336662054062
88,nan,nan,0.002,0.0,7.0,0.001,8398.376377820969
88,nan,nan,0.016,0.0,4.0,0.001,8397.222245931625
89,nan,nan,0.004,0.0,3.0,0.001,8496.70447564125
89,nan,nan,0.006,0.0,7.0,0.001,8497.229369878769
89,nan,nan,0.006,0.0,6.0,0.001,8498.265916109085
90,nan,nan,0.008,0.0,4.0,0.001,8594.050027370453
90,nan,nan,0.006,0.0,6.0,0.001,8593.637820959091
91,nan,nan,0.002,0.0,5.0,0.001,8690.558216810226
91,nan,nan,0.004,0.0,5.0,0.001,8688.953041553497
91,nan,nan,0.0,0.0,4.0,0.001,8691.333920955658
92,nan,nan,0.01,0.0,5.0,0.001,8785.361670017242
92,nan,nan,0.006,0.0,7.0,0.001,8787.530021190643
92,nan,nan,0.012,0.0,4.0,0.001,8788.793010473251
93,nan,nan,0.002,0.0,3.0,0.001,8881.624413013458
93,nan,nan,0.008,0.0,7.0,0.001,8884.76033616066
94,nan,nan,0.006,0.0,7.0,0.001,8980.179064750671
94,nan,nan,0.004,0.0,4.0,0.001,8980.554062604904
94,nan,nan,0.0,0.0,6.0,0.001,8981.595276117325
95,nan,nan,0.006,0.0,4.0,0.001,9077.47509098053
95,nan,nan,0.006,0.0,7.0,0.001,9076.547301054
95,nan,nan,0.004,0.0,6.0,0.001,9078.769593715668
96,nan,nan,0.006,0.0,4.0,0.001,9174.516259908676
96,nan,nan,0.004,0.0,3.0,0.001,9176.047593593596
96,nan,nan,0.004,0.0,6.0,0.001,9176.119832515717
97,nan,nan,0.008,0.0,4.0,0.001,9271.263500452042
97,nan,nan,0.004,0.0,5.0,0.001,9269.198821783066
97,nan,nan,0.008,0.0,7.0,0.001,9271.234899282455
97,nan,nan,0.004,0.0,5.0,0.001,9273.281330823898
98,nan,nan,0.008,0.0,4.0,0.001,9368.696759223938
98,nan,nan,0.006,0.0,3.0,0.001,9369.2794880867
98,nan,nan,0.0,0.0,7.0,0.001,9371.611683130264
99,nan,nan,0.008,0.0,3.0,0.001,9467.87314081192
99,nan,nan,0.002,0.0,7.0,0.001,9467.056159973145
99,nan,nan,0.008,0.0,6.0,0.001,9469.23147392273
100,nan,nan,0.002,0.0,4.0,0.001,9563.294451236723
100,nan,nan,0.004,0.0,4.0,0.001,9564.384367227554
100,nan,nan,0.01,0.0,5.0,0.001,9564.236530065536
101,nan,nan,0.0,0.0,4.0,0.001,9661.000461578371
101,nan,nan,0.012,0.0,6.0,0.001,9660.573792219162
101,nan,nan,0.0,0.0,5.0,0.001,9662.814263820648
102,nan,nan,0.006,0.0,4.0,0.001,9755.335413217545
102,nan,nan,0.01,0.0,6.0,0.001,9757.228888988497
102,nan,nan,0.002,0.0,6.0,0.001,9759.22096991539
103,nan,nan,0.002,0.0,4.0,0.001,9855.524240493774
103,nan,nan,0.002,0.0,5.0,0.001,9854.57822561264
103,nan,nan,0.002,0.0,6.0,0.001,9857.128744363785
104,nan,nan,0.004,0.0,4.0,0.001,9952.126022577286
105,nan,nan,0.0,0.0,4.0,0.001,10047.918564319609
105,nan,nan,0.0,0.0,4.0,0.001,10046.287531852722
105,nan,nan,0.0,0.0,7.0,0.001,10048.108070135117
105,nan,nan,0.002,0.0,6.0,0.001,10050.869794607162
106,nan,nan,0.004,0.0,4.0,0.001,10145.603889465332
106,nan,nan,0.004,0.0,5.0,0.001,10146.000700473784
106,nan,nan,0.016,0.0,5.0,0.001,10145.839798927309
107,nan,nan,0.008,0.0,5.0,0.001,10241.169426679611
107,nan,nan,0.004,0.0,4.0,0.001,10239.423679590225
107,nan,nan,0.004,0.0,6.0,0.001,10243.188397407532
108,nan,nan,0.004,0.0,5.0,0.001,10337.663142204283
108,nan,nan,0.0,0.0,4.0,0.001,10337.684655189514
108,nan,nan,0.006,0.0,4.0,0.001,10336.013455152512
108,nan,nan,0.008,0.0,6.0,0.001,10339.063649177553
109,nan,nan,0.006,0.0,4.0,0.001,10435.556211233139
109,nan,nan,0.006,0.0,7.0,0.001,10436.46652340889
110,nan,nan,0.008,0.0,5.0,0.001,10529.801171779633
110,nan,nan,0.004,0.0,3.0,0.001,10532.55224084854
110,nan,nan,0.006,0.0,7.0,0.001,10533.745316267014
111,nan,nan,0.002,0.0,7.0,0.001,10628.446749448776
111,nan,nan,0.0,0.0,5.0,0.001,10629.050638198853
111,nan,nan,0.0,0.0,6.0,0.001,10629.395827531816
112,nan,nan,0.004,0.0,4.0,0.001,10724.18749332428
112,nan,nan,0.008,0.0,4.0,0.001,10722.800894498825
112,nan,nan,0.006,0.0,7.0,0.001,10725.937683582306
113,nan,nan,0.004,0.0,5.0,0.001,10818.954234838486
113,nan,nan,0.002,0.0,4.0,0.001,10822.057701349258
113,nan,nan,0.006,0.0,4.0,0.001,10822.441872358322
114,nan,nan,0.006,0.0,4.0,0.001,10918.813920497894
114,nan,nan,0.01,0.0,6.0,0.001,10920.203590869904
115,nan,nan,0.006,0.0,4.0,0.001,11013.504416704178
115,nan,nan,0.004,0.0,4.0,0.001,11016.61049580574
115,nan,nan,0.002,0.0,5.0,0.001,11017.139137029648
116,nan,nan,0.008,0.0,3.0,0.001,11110.29480934143
116,nan,nan,0.006,0.0,6.0,0.001,11114.297776699064
117,nan,nan,0.01,0.0,4.0,0.001,11209.650457859041
117,nan,nan,0.002,0.0,5.0,0.001,11207.53515648842
117,nan,nan,0.004,0.0,4.0,0.001,11210.055968046188
118,nan,nan,0.004,0.0,4.0,0.001,11306.589433670044
118,nan,nan,0.002,0.0,4.0,0.001,11304.873610734941
118,nan,nan,0.006,0.0,7.0,0.001,11306.374829530716
118,nan,nan,0.008,0.0,6.0,0.001,11308.411826133728
119,nan,nan,0.012,0.0,7.0,0.001,11404.288838148115
119,nan,nan,0.002,0.0,3.0,0.001,11404.90578866005
119,nan,nan,0.004,0.0,5.0,0.001,11405.290221214294
120,nan,nan,0.002,0.0,4.0,0.0001,11501.984274387358
120,nan,nan,0.004,0.0,4.0,0.0001,11502.00553894043
120,nan,nan,0.004,0.0,7.0,0.0001,11503.474454402925
121,nan,nan,0.004,0.0,3.0,0.0001,11597.123791694641
121,nan,nan,0.008,0.0,7.0,0.0001,11599.899313926697
121,nan,nan,0.008,0.0,6.0,0.0001,11601.233853101729
122,nan,nan,0.004,0.0,4.0,0.0001,11697.849939584732
122,nan,nan,0.0,0.0,7.0,0.0001,11698.629962921144
122,nan,nan,0.004,0.0,5.0,0.0001,11699.559181928635
123,nan,nan,0.004,0.0,4.0,0.0001,11792.521109819412
123,nan,nan,0.002,0.0,4.0,0.0001,11795.832931518557
123,nan,nan,0.004,0.0,7.0,0.0001,11795.821229934692
124,nan,nan,0.002,0.0,4.0,0.0001,11892.991398572922
124,nan,nan,0.004,0.0,5.0,0.0001,11893.851742506027
124,nan,nan,0.002,0.0,4.0,0.0001,11891.34517264366
124,nan,nan,0.006,0.0,8.0,0.0001,11894.330559968948
125,nan,nan,0.006,0.0,4.0,0.0001,11990.231419563292
125,nan,nan,0.0,0.0,4.0,0.0001,11988.514014959335
125,nan,nan,0.004,0.0,7.0,0.0001,11992.29661488533
126,nan,nan,0.004,0.0,4.0,0.0001,12087.0316593647
126,nan,nan,0.002,0.0,4.0,0.0001,12085.275209903715
126,nan,nan,0.006,0.0,8.0,0.0001,12087.756260871887
127,nan,nan,0.006,0.0,4.0,0.0001,12181.803601026535
127,nan,nan,0.01,0.0,4.0,0.0001,12185.205450534819
127,nan,nan,0.002,0.0,7.0,0.0001,12186.346114873886
128,nan,nan,0.016,0.0,5.0,0.0001,12280.960474014282
128,nan,nan,0.002,0.0,4.0,0.0001,12283.338584423063
128,nan,nan,0.002,0.0,6.0,0.0001,12284.915224075316
129,nan,nan,0.01,0.0,4.0,0.0001,12381.18886041641
129,nan,nan,0.01,0.0,7.0,0.0001,12379.979759216309
129,nan,nan,0.004,0.0,6.0,0.0001,12382.674403429033
130,nan,nan,0.004,0.0,4.0,0.0001,12475.63234567642
130,nan,nan,0.0,0.0,4.0,0.0001,12478.443199157715
130,nan,nan,0.002,0.0,6.0,0.0001,12477.951552867891
131,nan,nan,0.0,0.0,5.0,0.0001,12577.040045261385
131,nan,nan,0.002,0.0,5.0,0.0001,12575.136192798616
131,nan,nan,0.002,0.0,4.0,0.0001,12578.222279787064
131,nan,nan,0.004,0.0,7.0,0.0001,12577.509251356123
132,nan,nan,0.0,0.0,4.0,0.0001,12675.304945468904
132,nan,nan,0.008,0.0,4.0,0.0001,12675.619016885757
132,nan,nan,0.002,0.0,3.0,0.0001,12673.620188713074
132,nan,nan,0.004,0.0,8.0,0.0001,12677.04041671753
133,nan,nan,0.004,0.0,4.0,0.0001,12772.818666219711
133,nan,nan,0.0,0.0,4.0,0.0001,12775.392586708069
133,nan,nan,0.006,0.0,4.0,0.0001,12775.939016103745
133,nan,nan,0.004,0.0,8.0,0.0001,12775.892430782316
134,nan,nan,0.004,0.0,4.0,0.0001,12871.080124616623
134,nan,nan,0.0,0.0,2.0,0.0001,12874.516316890715
134,nan,nan,0.01,0.0,6.0,0.0001,12873.951167106628
135,nan,nan,0.004,0.0,4.0,0.0001,12970.349552869795
135,nan,nan,0.006,0.0,4.0,0.0001,12972.601491212845
135,nan,nan,0.006,0.0,9.0,0.0001,12973.147456884384
136,nan,nan,0.01,0.0,4.0,0.0001,13068.272304296494
136,nan,nan,0.006,0.0,8.0,0.0001,13071.024262428284
137,nan,nan,0.004,0.0,4.0,0.0001,13169.04469871521
137,nan,nan,0.006,0.0,4.0,0.0001,13169.586891174316
137,nan,nan,0.002,0.0,8.0,0.0001,13169.159239292143
137,nan,nan,0.004,0.0,7.0,0.0001,13171.264340639114
138,nan,nan,0.002,0.0,4.0,0.0001,13264.77811861038
138,nan,nan,0.006,0.0,4.0,0.0001,13267.112434864042
138,nan,nan,0.004,0.0,5.0,0.0001,13268.559632062912
138,nan,nan,0.0,0.0,5.0,0.0001,13269.427137374878
139,nan,nan,0.008,0.0,4.0,0.0001,13364.959564447405
139,nan,nan,0.004,0.0,5.0,0.0001,13365.681778907776
140,nan,nan,0.008,0.0,4.0,0.0001,13458.66779446602
140,nan,nan,0.01,0.0,4.0,0.0001,13461.320382833479
140,nan,nan,0.002,0.0,7.0,0.0001,13461.244014978409
141,nan,nan,0.002,0.0,5.0,0.0001,13558.319702625276
141,nan,nan,0.002,0.0,3.0,0.0001,13558.971619129179
141,nan,nan,0.006,0.0,7.0,0.0001,13558.953298330307
142,nan,nan,0.002,0.0,4.0,0.0001,13654.654244899752
142,nan,nan,0.006,0.0,4.0,0.0001,13652.93281841278
142,nan,nan,0.002,0.0,8.0,0.0001,13655.702766656876
143,nan,nan,0.004,0.0,4.0,0.0001,13747.835043907166
143,nan,nan,0.006,0.0,4.0,0.0001,13750.29327535629
143,nan,nan,0.004,0.0,5.0,0.0001,13750.052651166916
144,nan,nan,0.0,0.0,4.0,0.0001,13842.59753203392
144,nan,nan,0.006,0.0,6.0,0.0001,13845.661481380464
144,nan,nan,0.004,0.0,5.0,0.0001,13846.609211921692
145,nan,nan,0.008,0.0,5.0,0.0001,13940.247890949251
145,nan,nan,0.01,0.0,4.0,0.0001,13938.17730998993
145,nan,nan,0.002,0.0,6.0,0.0001,13940.420895576477
145,nan,nan,0.002,0.0,8.0,0.0001,13940.885995864868
146,nan,nan,0.004,0.0,4.0,0.0001,14035.031208992004
146,nan,nan,0.0,0.0,6.0,0.0001,14035.052272081377
146,nan,nan,0.006,0.0,6.0,0.0001,14036.560770273209
147,nan,nan,0.01,0.0,6.0,0.0001,14128.698698282242
147,nan,nan,0.004,0.0,4.0,0.0001,14131.909006118774
147,nan,nan,0.0,0.0,5.0,0.0001,14131.609034776688
147,nan,nan,0.004,0.0,6.0,0.0001,14131.294219732285
148,nan,nan,0.002,0.0,4.0,0.0001,14228.770570516586
148,nan,nan,0.013999999999999999,0.0,6.0,0.0001,14228.326027870178
148,nan,nan,0.008,0.0,6.0,0.0001,14230.140060424805
149,nan,nan,0.006,0.0,5.0,0.0001,14321.694363832474
149,nan,nan,0.008,0.0,6.0,0.0001,14324.715131759644
150,nan,nan,0.002,0.0,4.0,0.0001,14419.453379154204
150,nan,nan,0.008,0.0,6.0,0.0001,14418.863765716553
150,nan,nan,0.008,0.0,5.0,0.0001,14420.624304294584
151,nan,nan,0.002,0.0,4.0,0.0001,14514.401346206665
151,nan,nan,0.01,0.0,4.0,0.0001,14513.228408098217
151,nan,nan,0.006,0.0,7.0,0.0001,14515.662934780119
152,nan,nan,0.004,0.0,5.0,0.0001,14609.906753540039
152,nan,nan,0.002,0.0,4.0,0.0001,14608.782676219942
153,nan,nan,0.004,0.0,3.0,0.0001,14705.864064931868
153,nan,nan,0.012,0.0,6.0,0.0001,14706.85399198532
153,nan,nan,0.008,0.0,4.0,0.0001,14707.165318250656
154,nan,nan,0.006,0.0,4.0,0.0001,14801.597425222395
154,nan,nan,0.004,0.0,5.0,0.0001,14801.864427089693
154,nan,nan,0.006,0.0,6.0,0.0001,14799.68129992485
154,nan,nan,0.006,0.0,6.0,0.0001,14802.271085977554
155,nan,nan,0.002,0.0,4.0,0.0001,14898.050621986391
155,nan,nan,0.006,0.0,4.0,0.0001,14898.494610786438
155,nan,nan,0.006,0.0,5.0,0.0001,14899.076047658918
156,nan,nan,0.008,0.0,4.0,0.0001,14994.748975992205
156,nan,nan,0.002,0.0,6.0,0.0001,14994.787372112272
156,nan,nan,0.004,0.0,6.0,0.0001,14995.589743137358
157,nan,nan,0.006,0.0,3.0,0.0001,15092.443114995956
157,nan,nan,0.006,0.0,4.0,0.0001,15092.576642513277
157,nan,nan,0.004,0.0,3.0,0.0001,15090.834098339083
158,nan,nan,0.002,0.0,3.0,0.0001,15190.541301965714
158,nan,nan,0.006,0.0,4.0,0.0001,15188.526373386385
158,nan,nan,0.008,0.0,6.0,0.0001,15191.61754345894
159,nan,nan,0.004,0.0,4.0,0.0001,15288.875712871553
159,nan,nan,0.004,0.0,3.0,0.0001,15286.68816757202
159,nan,nan,0.012,0.0,7.0,0.0001,15289.993351459505
160,nan,nan,0.002,0.0,4.0,1e-05,15385.971113204956
160,nan,nan,0.008,0.0,4.0,1e-05,15383.617967128755
160,nan,nan,0.002,0.0,7.0,1e-05,15386.914464950562
161,nan,nan,0.01,0.0,4.0,1e-05,15483.629114627836
161,nan,nan,0.006,0.0,4.0,1e-05,15481.83005142212
162,nan,nan,0.004,0.0,4.0,1e-05,15577.827402591704
162,nan,nan,0.002,0.0,4.0,1e-05,15581.169280052185
162,nan,nan,0.004,0.0,7.0,1e-05,15580.356873750688
162,nan,nan,0.006,0.0,6.0,1e-05,15582.545299768448
163,nan,nan,0.006,0.0,3.0,1e-05,15676.458237409592
163,nan,nan,0.008,0.0,4.0,1e-05,15679.728973150251
163,nan,nan,0.006,0.0,5.0,1e-05,15680.373491764067
164,nan,nan,0.006,0.0,4.0,1e-05,15775.28109908104
164,nan,nan,0.002,0.0,4.0,1e-05,15773.376042842863
164,nan,nan,0.008,0.0,6.0,1e-05,15776.044906377792
165,nan,nan,0.002,0.0,4.0,1e-05,15872.097559213638
165,nan,nan,0.006,0.0,3.0,1e-05,15870.456439733503
165,nan,nan,0.016,0.0,7.0,1e-05,15874.113497972488
166,nan,nan,0.01,0.0,4.0,1e-05,15967.318242788315
166,nan,nan,0.006,0.0,4.0,1e-05,15970.60873365402
166,nan,nan,0.002,0.0,8.0,1e-05,15970.817364215849
166,nan,nan,0.006,0.0,6.0,1e-05,15971.10970711708
167,nan,nan,0.006,0.0,4.0,1e-05,16068.182892799376
167,nan,nan,0.004,0.0,4.0,1e-05,16068.547178268433
167,nan,nan,0.002,0.0,7.0,1e-05,16068.55215024948
168,nan,nan,0.004,0.0,4.0,1e-05,16163.231837511064
168,nan,nan,0.006,0.0,5.0,1e-05,16165.775482177734
168,nan,nan,0.006,0.0,7.0,1e-05,16166.81065106392
169,nan,nan,0.008,0.0,4.0,1e-05,16259.93966436386
169,nan,nan,0.006,0.0,6.0,1e-05,16262.624889373781
170,nan,nan,0.002,0.0,4.0,1e-05,16359.7426738739
170,nan,nan,0.006,0.0,7.0,1e-05,16360.395951747892
170,nan,nan,0.008,0.0,7.0,1e-05,16361.378259658812
171,nan,nan,0.006,0.0,4.0,1e-05,16457.25797533989
171,nan,nan,0.004,0.0,7.0,1e-05,16459.888073444366
171,nan,nan,0.008,0.0,8.0,1e-05,16461.548967838287
172,nan,nan,0.004,0.0,5.0,1e-05,16557.4728307724
172,nan,nan,0.006,0.0,6.0,1e-05,16557.050866127014
172,nan,nan,0.006,0.0,6.0,1e-05,16559.596452236176
173,nan,nan,0.006,0.0,4.0,1e-05,16656.632514715195
173,nan,nan,0.0,0.0,4.0,1e-05,16654.32421422005
173,nan,nan,0.01,0.0,6.0,1e-05,16657.028831243515
174,nan,nan,0.0,0.0,4.0,1e-05,16754.985847473145
174,nan,nan,0.01,0.0,2.0,1e-05,16758.911165714264
174,nan,nan,0.004,0.0,7.0,1e-05,16760.164254188538
175,nan,nan,0.008,0.0,8.0,1e-05,16858.935606002808
175,nan,nan,0.0,0.0,5.0,1e-05,16860.777765750885
176,nan,nan,0.008,0.0,4.0,1e-05,16952.876149177548
176,nan,nan,0.004,0.0,4.0,1e-05,16956.08436870575
176,nan,nan,0.002,0.0,6.0,1e-05,16956.147012233734
177,nan,nan,0.004,0.0,5.0,1e-05,17051.510272026062
177,nan,nan,0.012,0.0,5.0,1e-05,17052.830551624298
178,nan,nan,0.008,0.0,4.0,1e-05,17147.596395254135
178,nan,nan,0.002,0.0,4.0,1e-05,17148.737048625946
178,nan,nan,0.006,0.0,7.0,1e-05,17149.012014627457
179,nan,nan,0.002,0.0,4.0,1e-05,17246.624290943146
179,nan,nan,0.004,0.0,5.0,1e-05,17246.326444149017
179,nan,nan,0.008,0.0,8.0,1e-05,17246.526902914047
180,nan,nan,0.002,0.0,4.0,1e-05,17343.056402683258
180,nan,nan,0.0,0.0,6.0,1e-05,17344.36759519577
180,nan,nan,0.006,0.0,5.0,1e-05,17345.686308622357
181,nan,nan,0.004,0.0,4.0,1e-05,17440.81799674034
181,nan,nan,0.01,0.0,3.0,1e-05,17442.029039621353
181,nan,nan,0.004,0.0,5.0,1e-05,17439.749883174896
181,nan,nan,0.006,0.0,7.0,1e-05,17441.5401597023
182,nan,nan,0.006,0.0,5.0,1e-05,17540.71813678742
182,nan,nan,0.002,0.0,6.0,1e-05,17541.037907838818
183,nan,nan,0.006,0.0,4.0,1e-05,17637.120141506195
183,nan,nan,0.004,0.0,7.0,1e-05,17640.544978141785
183,nan,nan,0.002,0.0,7.0,1e-05,17640.045648097992
184,nan,nan,0.002,0.0,4.0,1e-05,17738.684466600418
184,nan,nan,0.006,0.0,4.0,1e-05,17741.251440763474
184,nan,nan,0.008,0.0,6.0,1e-05,17742.592646360394
185,nan,nan,0.008,0.0,4.0,1e-05,17841.00837302208
185,nan,nan,0.002,0.0,8.0,1e-05,17843.267477989197
185,nan,nan,0.004,0.0,5.0,1e-05,17844.566535711292
186,nan,nan,0.006,0.0,3.0,1e-05,17945.152450561523
186,nan,nan,0.002,0.0,9.0,1e-05,17945.518315792084
186,nan,nan,0.004,0.0,6.0,1e-05,17947.551255464554
187,nan,nan,0.0,0.0,5.0,1e-05,18047.29467391968
187,nan,nan,0.004,0.0,4.0,1e-05,18045.37701439857
187,nan,nan,0.008,0.0,6.0,1e-05,18047.947333097454
188,nan,nan,0.0,0.0,5.0,1e-05,18146.711223125458
188,nan,nan,0.008,0.0,4.0,1e-05,18147.832993030548
188,nan,nan,0.006,0.0,6.0,1e-05,18147.76412630081
189,nan,nan,0.002,0.0,4.0,1e-05,18244.98024129868
189,nan,nan,0.002,0.0,4.0,1e-05,18247.69176888466
189,nan,nan,0.0,0.0,6.0,1e-05,18247.77658772469
190,nan,nan,0.004,0.0,4.0,1e-05,18346.10188555717
190,nan,nan,0.01,0.0,4.0,1e-05,18346.63027787209
190,nan,nan,0.0,0.0,6.0,1e-05,18347.439798355106
190,nan,nan,0.004,0.0,5.0,1e-05,18348.609026670456
191,nan,nan,0.006,0.0,5.0,1e-05,18448.352594137188
191,nan,nan,0.006,0.0,8.0,1e-05,18448.65709257126
191,nan,nan,0.002,0.0,5.0,1e-05,18448.36701512337
191,nan,nan,0.01,0.0,5.0,1e-05,18450.8870036602
192,nan,nan,0.01,0.0,3.0,1e-05,18548.66074466705
192,nan,nan,0.002,0.0,6.0,1e-05,18550.872680187225
192,nan,nan,0.006,0.0,5.0,1e-05,18553.211906194687
193,nan,nan,0.004,0.0,4.0,1e-05,18655.386976480484
193,nan,nan,0.004,0.0,4.0,1e-05,18656.239648580548
193,nan,nan,0.008,0.0,11.0,1e-05,18657.03651714325
193,nan,nan,0.0,0.0,8.0,1e-05,18658.63004040718
194,nan,nan,0.006,0.0,6.0,1e-05,18757.08738899231
194,nan,nan,0.004,0.0,4.0,1e-05,18759.712756156918
194,nan,nan,0.004,0.0,6.0,1e-05,18759.818275928497
195,nan,nan,0.012,0.0,5.0,1e-05,18857.770724058148
195,nan,nan,0.004,0.0,5.0,1e-05,18861.268802165985
195,nan,nan,0.008,0.0,3.0,1e-05,18861.682312250137
196,nan,nan,0.008,0.0,3.0,1e-05,18963.347235679623
196,nan,nan,0.006,0.0,5.0,1e-05,18964.31228208542
197,nan,nan,0.006,0.0,7.0,1e-05,19065.70913386345
197,nan,nan,0.008,0.0,5.0,1e-05,19066.435796737667
197,nan,nan,0.01,0.0,5.0,1e-05,19066.849934577946
198,nan,nan,0.004,0.0,3.0,1e-05,19171.133824825287
198,nan,nan,0.006,0.0,4.0,1e-05,19169.56779623032
198,nan,nan,0.0,0.0,7.0,1e-05,19173.186217069622
199,nan,nan,0.0,0.0,4.0,1e-05,19275.878588438038
199,nan,nan,0.002,0.0,5.0,1e-05,19274.01757001877
199,nan,nan,0.004,0.0,6.0,1e-05,19276.73052692413
200,nan,nan,0.004,0.0,4.0,1e-05,19369.28317308426
200,nan,nan,0.004,0.0,4.0,1e-05,19371.56343603134
200,nan,nan,0.004,0.0,4.0,1e-05,19372.85680484772
200,nan,nan,0.004,0.0,7.0,1e-05,19373.279755353928
