1,11.59462,6.05639,0.008,0.032,0.0,0.1,12.085383653640747
2,12.21505,6.67556,0.004,0.028,1.0,0.1,12.6633780002594
201,11.0603,5.29876,0.004,0.026,5.0,0.1,119.18293714523315
201,11.05979,5.29853,0.004,0.03,5.0,0.1,119.75140905380249
202,11.05783,5.29749,0.004,0.028,5.0,0.1,121.04512763023376
400,10.94668,5.29865,0.008,0.022,4.0,0.1,226.4358582496643
400,10.94512,5.29703,0.01,0.04,4.0,0.1,226.2725899219513
401,10.94492,5.29724,0.012,0.03,5.0,0.1,226.96671676635742
402,10.94424,5.29794,0.0,0.032,4.0,0.1,227.46117901802063
600,10.83406,5.29789,0.006,0.032,5.0,0.1,334.73975563049316
601,10.8321,5.29701,0.006,0.034,5.0,0.1,334.5232181549072
801,10.71861,5.29255,0.01,0.046,4.0,0.1,440.8637375831604
801,10.71959,5.2938,0.008,0.036,6.0,0.1,441.6166298389435
802,10.71833,5.29326,0.002,0.036,5.0,0.1,442.19489073753357
1000,10.60954,5.29046,0.004,0.026,6.0,0.1,547.3613557815552
1000,10.58526,5.26649,0.01,0.03,5.0,0.1,547.4664542675018
1002,10.59799,5.27971,0.006,0.038,5.0,0.1,547.7844343185425
1002,10.59824,5.27996,0.016,0.04,5.0,0.1,548.4087026119232
1201,10.4827,5.26941,0.01,0.046,5.0,0.1,654.3339893817902
1201,10.49089,5.2776,0.002,0.03,5.0,0.1,653.2884213924408
1202,10.46416,5.25251,0.004,0.038,3.0,0.1,655.0920212268829
1400,10.33993,5.2296,0.006,0.054,5.0,0.1,760.8697793483734
1400,10.35769,5.24737,0.002,0.048,5.0,0.1,761.187427520752
1401,10.36135,5.25128,0.01,0.054,5.0,0.1,761.5447211265564
1600,10.18207,5.17227,0.01,0.058,5.0,0.1,867.3685698509216
1601,10.1901,5.18079,0.014,0.052,5.0,0.1,867.8474178314209
1602,10.19377,5.1849,0.008,0.052,5.0,0.1,867.9029171466827
1800,10.13618,5.22517,0.014,0.056,5.0,0.1,973.8612787723541
1800,10.12163,5.21061,0.004,0.034,6.0,0.1,974.1279232501984
1801,10.10373,5.19322,0.016,0.064,4.0,0.1,974.520345211029
2000,9.86598,5.05095,0.022,0.09,5.0,0.1,1079.8392062187195
2000,9.95222,5.13718,0.018,0.072,5.0,0.1,1079.9813652038574
2001,9.93067,5.11628,0.018,0.07,5.0,0.1,1079.9929082393646
2002,9.94666,5.13246,0.026,0.074,5.0,0.1,1080.9563615322113
2200,9.79256,5.07158,0.012,0.074,5.0,0.1,1186.7185730934143
2200,9.82293,5.10196,0.014,0.078,6.0,0.1,1185.6105389595032
2201,9.76342,5.04314,0.014,0.084,4.0,0.1,1187.4044618606567
2202,9.82178,5.10241,0.016,0.088,5.0,0.1,1188.3633842468262
2400,9.66826,5.03959,0.018,0.096,5.0,0.1,1293.629156589508
2401,9.65692,5.02899,0.026,0.106,5.0,0.1,1294.3057730197906
2600,9.51275,4.97413,0.028,0.112,5.0,0.1,1400.30832529068
2602,9.53759,4.99976,0.026,0.09,4.0,0.1,1400.220493555069
2602,9.51567,4.97805,0.028,0.1,4.0,0.1,1400.7809734344482
2802,9.42189,4.97188,0.032,0.106,5.0,0.1,1507.012015581131
2802,9.43706,4.98706,0.024,0.114,5.0,0.1,1507.1426620483398
2802,9.40285,4.95285,0.024,0.098,5.0,0.1,1507.4771978855133
3000,9.34596,4.98114,0.026,0.11,6.0,0.1,1613.7480492591858
3000,9.37555,5.01084,0.024,0.096,5.0,0.1,1613.7142672538757
3200,9.15224,4.87089,0.026,0.132,4.0,0.1,1719.9362435340881
3400,9.12731,4.92769,0.024,0.108,5.0,0.1,1825.1842217445374
3400,9.11782,4.91823,0.05,0.114,5.0,0.1,1824.9225199222565
3402,9.06485,4.86605,0.022,0.132,5.0,0.1,1826.5074453353882
3402,9.09527,4.89645,0.032,0.134,5.0,0.1,1826.462962627411
3601,8.94634,4.82771,0.03,0.132,5.0,0.1,1932.6713852882385
3601,8.93952,4.82086,0.036,0.146,5.0,0.1,1932.5512156486511
3602,8.885,4.76689,0.034,0.152,4.0,0.1,1932.9344372749329
3800,8.80347,4.76236,0.044,0.168,5.0,0.1,2038.269986152649
3800,8.82847,4.78737,0.048,0.15,5.0,0.1,2038.3695275783539
3802,8.85174,4.81139,0.046,0.154,5.0,0.1,2038.6762595176697
3802,8.86084,4.82049,0.036,0.128,5.0,0.1,2039.2517745494843
4002,8.71564,4.75169,0.036,0.174,5.0,0.1,2145.734412431717
4002,8.53604,4.57208,0.072,0.202,6.0,0.1,2145.209048986435
4002,8.70329,4.73933,0.034,0.144,6.0,0.1,2146.6718921661377
4400,8.38134,4.56391,0.062,0.192,5.0,0.1,2358.0936901569366
4400,8.50535,4.68796,0.052,0.18,6.0,0.1,2358.313255548477
4401,8.4825,4.6655,0.062,0.19,5.0,0.1,2358.1629724502563
4402,8.52139,4.70504,0.046,0.17,4.0,0.1,2359.2566237449646
4601,8.32084,4.5747,0.06,0.202,5.0,0.1,2464.4191410541534
4601,8.37752,4.63139,0.066,0.2,5.0,0.1,2464.7914094924927
4602,8.27656,4.53142,0.072,0.234,5.0,0.1,2465.7585849761963
4800,8.25421,4.57723,0.07,0.202,5.0,0.1,2571.8893945217133
4801,8.24467,4.56854,0.072,0.194,5.0,0.1,2571.3746604919434
5001,8.23659,4.628,0.058,0.196,6.0,0.1,2677.9368817806244
5001,8.14454,4.53595,0.08,0.224,5.0,0.1,2677.944533586502
5002,8.22376,4.616,0.058,0.21,5.0,0.1,2677.9164657592773
5200,7.997,4.45444,0.056,0.218,5.0,0.1,2783.280407190323
5202,7.98118,4.43889,0.092,0.248,5.0,0.1,2785.1556782722473
5202,7.96805,4.42588,0.082,0.236,5.0,0.1,2785.0833988189697
5401,7.86625,4.38774,0.084,0.258,5.0,0.1,2890.644215106964
5400,7.9574,4.47873,0.08,0.226,6.0,0.1,2890.8560168743134
5401,7.93631,4.45779,0.088,0.238,6.0,0.1,2891.2132036685944
5402,7.90497,4.42734,0.064,0.266,4.0,0.1,2891.4681363105774
5601,7.83006,4.41396,0.07,0.248,6.0,0.1,2997.7440531253815
5601,7.68209,4.26618,0.088,0.3,5.0,0.1,2997.7843384742737
5800,7.57435,4.21965,0.128,0.302,5.0,0.1,3104.3132948875427
5802,7.65328,4.29893,0.088,0.266,6.0,0.1,3105.400535106659
6000,7.72722,4.43287,0.084,0.216,6.0,0.1,3210.685476541519
6001,7.51276,4.21859,0.088,0.28,5.0,0.1,3210.365667104721
6200,7.38428,4.14844,0.12,0.31,5.0,0.1,3315.7976489067078
6202,7.27529,4.0399,0.118,0.352,5.0,0.1,3317.355349779129
6201,7.38162,4.14623,0.114,0.304,4.0,0.1,3317.4487249851227
6400,7.35884,4.18046,0.116,0.294,5.0,0.1,3422.6368243694305
6401,7.46024,4.28209,0.108,0.276,5.0,0.1,3423.3740422725677
6400,7.43037,4.25198,0.12,0.284,5.0,0.1,3422.2649414539337
6402,7.38443,4.20673,0.112,0.312,4.0,0.1,3423.9458854198456
6602,7.19889,4.07666,0.1,0.312,5.0,0.1,3530.559792995453
6602,7.19421,4.07197,0.114,0.324,5.0,0.1,3530.584226846695
6600,7.32486,4.20249,0.114,0.294,4.0,0.1,3530.637598991394
6800,7.16682,4.09881,0.134,0.324,5.0,0.1,3635.2223827838898
6800,7.36332,4.29531,0.09,0.254,5.0,0.1,3634.577728033066
6801,7.0213,3.95377,0.136,0.358,4.0,0.1,3636.8081827163696
7002,7.01588,4.00178,0.134,0.392,5.0,0.1,3743.4574081897736
7001,7.04721,4.03311,0.154,0.346,4.0,0.1,3743.693988800049
7002,7.12753,4.11356,0.118,0.322,5.0,0.1,3743.6691193580627
7200,7.15577,4.19264,0.122,0.302,5.0,0.1,3849.720368862152
7200,7.09061,4.12757,0.12,0.302,4.0,0.1,3850.190320968628
7201,7.14668,4.18364,0.136,0.32,6.0,0.1,3850.4295225143433
7401,7.00424,4.09219,0.148,0.314,5.0,0.1,3957.8445966243744
7401,6.9139,4.00185,0.15,0.35,6.0,0.1,3957.91645860672
7402,6.91964,4.00778,0.134,0.348,5.0,0.1,3957.478623151779
7601,6.7548,3.8919,0.158,0.378,5.0,0.1,4063.982157230377
7601,6.67963,3.81673,0.148,0.4,5.0,0.1,4064.800021648407
7602,6.72374,3.86128,0.168,0.362,4.0,0.1,4064.840573787689
7801,6.75474,3.94103,0.16,0.386,5.0,0.1,4170.566282510757
7801,6.80392,3.9902,0.144,0.346,5.0,0.1,4170.823123455048
7802,6.6961,3.88276,0.152,0.372,5.0,0.1,4170.688691854477
8000,6.45704,3.69028,0.174,0.406,5.0,0.1,4277.624352455139
8001,6.44895,3.68249,0.204,0.418,5.0,0.01,4278.527580738068
8201,6.34854,3.59196,0.206,0.436,5.0,0.01,4384.192584037781
8201,6.42975,3.67317,0.21,0.414,6.0,0.01,4384.064432382584
8202,6.2496,3.49306,0.208,0.456,5.0,0.01,4385.710206747055
8400,6.28984,3.53844,0.228,0.452,5.0,0.01,4489.891850709915
8401,6.22893,3.47761,0.22,0.446,5.0,0.01,4492.295554161072
8402,6.38682,3.63551,0.186,0.42,5.0,0.01,4492.572178840637
8602,6.32506,3.57898,0.182,0.44,5.0,0.01,4598.011309862137
8602,6.27298,3.5269,0.192,0.46,5.0,0.01,4598.46599650383
8802,6.44644,3.70554,0.194,0.424,5.0,0.01,4704.440300703049
8802,6.15778,3.41688,0.208,0.464,5.0,0.01,4704.531974315643
8802,6.22524,3.48434,0.272,0.462,5.0,0.01,4703.842319250107
9000,6.18811,3.45242,0.222,0.476,5.0,0.01,4810.947681188583
9000,6.30733,3.57164,0.2,0.464,5.0,0.01,4811.242121458054
9001,6.28034,3.54467,0.214,0.416,5.0,0.01,4811.803067445755
9002,6.32297,3.58733,0.204,0.448,5.0,0.01,4812.363836288452
9200,6.31665,3.58616,0.182,0.434,5.0,0.01,4918.337244510651
9202,6.25086,3.52042,0.216,0.464,4.0,0.01,4918.957795858383
9202,6.26321,3.53278,0.226,0.47,4.0,0.01,4919.195028305054
9400,6.27108,3.54575,0.22,0.456,5.0,0.01,5023.955554008484
9400,6.23056,3.50523,0.21,0.46,5.0,0.01,5024.17519569397
9401,6.28507,3.55977,0.208,0.464,4.0,0.01,5024.822414159775
9402,6.19066,3.46543,0.226,0.472,5.0,0.01,5026.092238664627
9600,6.34764,3.62754,0.21,0.442,5.0,0.01,5131.33097410202
9602,6.27365,3.55355,0.194,0.452,5.0,0.01,5131.805429697037
9602,6.15241,3.43231,0.234,0.464,6.0,0.01,5132.351126432419
9800,6.19318,3.47821,0.212,0.456,5.0,0.01,5237.311548233032
9801,6.20906,3.4941,0.232,0.476,4.0,0.01,5237.380598306656
10000,6.16011,3.45031,0.24,0.476,5.0,0.01,5343.51720905304
10000,6.1323,3.4225,0.22,0.496,6.0,0.01,5343.936686038971
10002,6.23172,3.52196,0.222,0.444,5.0,0.01,5344.30264878273
10002,6.04111,3.33135,0.242,0.492,5.0,0.01,5344.546084165573
10201,6.10492,3.40026,0.22,0.478,6.0,0.01,5451.223267793655
10201,6.06156,3.35693,0.216,0.5,4.0,0.01,5451.523229837418
10400,6.21479,3.51522,0.178,0.428,5.0,0.01,5556.061128377914
10400,6.00185,3.30228,0.24,0.502,5.0,0.01,5555.9514837265015
10400,6.22762,3.52806,0.218,0.472,5.0,0.01,5556.791084527969
10401,6.11571,3.41618,0.23,0.474,5.0,0.01,5557.296083450317
10402,6.24179,3.54232,0.21,0.462,4.0,0.01,5557.692287445068
10600,6.12825,3.43382,0.21,0.476,5.0,0.01,5663.566987037659
10800,5.98068,3.29129,0.222,0.502,6.0,0.01,5769.220860004425
10800,5.96494,3.27556,0.23,0.514,5.0,0.01,5768.863878488541
10801,6.22746,3.5381,0.218,0.472,5.0,0.01,5770.289276361465
10802,6.16305,3.47374,0.228,0.478,5.0,0.01,5771.122186660767
11002,6.00799,3.32375,0.272,0.482,5.0,0.01,5877.263914346695
11002,6.11115,3.42691,0.238,0.5,5.0,0.01,5877.234530687332
11002,5.98157,3.29732,0.26,0.518,7.0,0.01,5877.735803604126
11200,6.02166,3.34237,0.236,0.492,5.0,0.01,5982.551537036896
11200,5.92928,3.24998,0.224,0.518,5.0,0.01,5982.393917322159
11201,5.97828,3.29902,0.222,0.516,5.0,0.01,5983.335238933563
11202,6.021,3.34178,0.238,0.496,3.0,0.01,5983.833296060562
11400,6.09832,3.42409,0.248,0.458,5.0,0.01,6088.666084051132
11400,6.10745,3.43322,0.224,0.49,5.0,0.01,6089.338349342346
11402,5.87978,3.20558,0.258,0.524,5.0,0.01,6089.959336042404
11401,6.03354,3.35934,0.226,0.486,4.0,0.01,6090.024342536926
11600,6.13811,3.46896,0.214,0.47,5.0,0.01,6196.214979171753
11601,6.15487,3.48572,0.22,0.462,5.0,0.01,6195.236701726913
11800,6.15078,3.48662,0.222,0.456,4.0,0.01,6302.261898517609
11801,5.82092,3.15675,0.28,0.53,5.0,0.01,6302.657441139221
12000,6.01147,3.35227,0.27,0.508,5.0,0.01,6408.6643986701965
12000,5.954,3.2948,0.242,0.496,5.0,0.01,6408.905430793762
12001,6.12299,3.46382,0.238,0.482,5.0,0.01,6409.315820455551
12002,6.00139,3.34223,0.22,0.496,5.0,0.01,6409.844457864761
12201,6.11302,3.4588,0.198,0.468,5.0,0.01,6516.117566347122
12201,6.08836,3.43414,0.246,0.486,5.0,0.01,6516.467003822327
12202,5.95018,3.29599,0.258,0.49,5.0,0.01,6517.080459594727
12400,6.02326,3.37395,0.242,0.496,5.0,0.01,6622.101735591888
12401,5.99918,3.3499,0.226,0.48,5.0,0.01,6622.55402803421
12602,6.03708,3.39274,0.242,0.504,4.0,0.01,6728.292698144913
12602,5.9881,3.34377,0.222,0.494,4.0,0.01,6728.761125326157
12800,6.03506,3.39562,0.25,0.49,5.0,0.01,6834.221160888672
12801,5.89951,3.26009,0.262,0.532,4.0,0.01,6834.669675827026
13000,5.91365,3.27904,0.258,0.5,5.0,0.01,6940.408560991287
13000,5.85844,3.22383,0.25,0.554,5.0,0.01,6940.447061538696
13001,5.99151,3.35694,0.248,0.51,5.0,0.01,6941.646449804306
13201,5.83677,3.2071,0.23,0.544,5.0,0.01,7046.976233959198
13201,5.85373,3.22406,0.276,0.516,5.0,0.01,7048.124265909195
13202,5.80129,3.17165,0.282,0.516,5.0,0.01,7048.478226900101
13400,5.93325,3.30839,0.252,0.496,5.0,0.01,7153.380245447159
13401,5.88999,3.26518,0.24,0.5,5.0,0.01,7154.270336866379
13600,5.8011,3.1811,0.266,0.536,3.0,0.01,7259.018599271774
13601,5.78306,3.16308,0.28,0.558,4.0,0.01,7258.609684944153
13602,5.80019,3.18023,0.268,0.54,5.0,0.01,7260.715064764023
13800,5.72013,3.10491,0.296,0.544,6.0,0.01,7364.5353910923
13800,5.83649,3.22127,0.282,0.56,5.0,0.01,7365.640776634216
13802,5.72504,3.10987,0.278,0.554,5.0,0.01,7366.312246084213
13802,5.99124,3.37606,0.25,0.496,5.0,0.01,7366.6058123111725
14000,5.84737,3.23699,0.25,0.512,4.0,0.01,7473.094016551971
14002,5.76436,3.15399,0.294,0.524,5.0,0.01,7473.995351791382
14002,5.87581,3.26543,0.232,0.518,6.0,0.01,7473.9686489105225
14201,5.83619,3.2306,0.258,0.53,5.0,0.01,7580.238013505936
14201,5.86237,3.25679,0.262,0.536,5.0,0.01,7580.557290315628
14202,5.89049,3.28493,0.256,0.526,5.0,0.01,7581.124149560928
14401,5.89707,3.29626,0.238,0.504,4.0,0.01,7687.217864990234
14402,5.77101,3.1702,0.25,0.54,5.0,0.01,7687.293415784836
14600,5.70079,3.10471,0.26,0.55,3.0,0.01,7792.8535232543945
14602,5.77273,3.17667,0.256,0.564,5.0,0.01,7793.261651277542
14602,5.78416,3.18811,0.266,0.526,5.0,0.01,7793.527499914169
14801,5.73623,3.14487,0.248,0.532,5.0,0.01,7899.786803483963
14801,5.73597,3.14461,0.288,0.528,5.0,0.01,7899.734277009964
14801,5.8269,3.23554,0.248,0.518,5.0,0.01,7899.17883181572
14802,5.70094,3.10961,0.272,0.572,5.0,0.01,7900.370734453201
15001,5.84962,3.26302,0.268,0.53,4.0,0.01,8006.39266204834
15001,5.8244,3.2378,0.248,0.526,4.0,0.01,8005.721621274948
15200,5.86844,3.28655,0.264,0.54,3.0,0.01,8112.64947104454
15202,5.87502,3.29316,0.258,0.51,5.0,0.01,8113.079465389252
15202,5.66433,3.08247,0.288,0.536,5.0,0.01,8113.506984233856
15400,5.64217,3.06496,0.288,0.524,5.0,0.01,8218.85429596901
15402,5.73252,3.15533,0.26,0.558,5.0,0.01,8219.26799607277
15402,5.732,3.15482,0.314,0.518,5.0,0.01,8219.457315683365
15601,5.76107,3.18857,0.268,0.53,5.0,0.01,8326.795367002487
15600,5.80986,3.23731,0.256,0.552,5.0,0.01,8327.157069444656
15800,5.7129,3.14507,0.264,0.522,3.0,0.01,8432.308311223984
15802,5.68076,3.11293,0.328,0.54,5.0,0.01,8433.034408330917
15802,5.79493,3.22711,0.262,0.536,7.0,0.01,8433.330507040024
16000,5.67331,3.11011,0.276,0.568,5.0,0.01,8537.687324047089
16000,5.69811,3.1349,0.282,0.566,5.0,0.01,8538.80195260048
16001,5.79916,3.23599,0.252,0.53,5.0,0.001,8539.687132120132
16002,5.80698,3.24382,0.268,0.512,5.0,0.001,8539.870981693268
16202,5.488,2.9258,0.322,0.594,5.0,0.001,8646.38399887085
16202,5.56041,2.99821,0.298,0.578,5.0,0.001,8646.198776960373
16202,5.57298,3.01078,0.296,0.558,5.0,0.001,8646.4388153553
16400,5.59477,3.03304,0.286,0.556,6.0,0.001,8753.343341588974
16401,5.62775,3.06602,0.286,0.566,5.0,0.001,8753.75772356987
16600,5.71806,3.15681,0.288,0.54,5.0,0.001,8858.539200544357
16600,5.51233,2.95108,0.32,0.578,5.0,0.001,8858.376146316528
16601,5.73488,3.17363,0.252,0.532,5.0,0.001,8859.462302207947
16800,5.62624,3.06546,0.272,0.548,5.0,0.001,8965.59537243843
16800,5.58741,3.02664,0.308,0.572,5.0,0.001,8965.001073122025
16801,5.68773,3.12695,0.284,0.544,5.0,0.001,8965.96529173851
16802,5.70435,3.14358,0.254,0.578,5.0,0.001,8967.136342287064
17000,5.60337,3.04307,0.278,0.572,5.0,0.001,9071.399993181229
17001,5.66683,3.10653,0.266,0.514,5.0,0.001,9072.950791835785
17200,5.76296,3.20314,0.262,0.52,5.0,0.001,9179.291053056717
17201,5.68794,3.12813,0.274,0.568,5.0,0.001,9180.487390756607
17202,5.76869,3.20888,0.256,0.518,5.0,0.001,9179.610376119614
17400,5.67291,3.11356,0.296,0.556,7.0,0.001,9286.103877067566
17400,5.62748,3.06813,0.302,0.564,5.0,0.001,9286.137766599655
17401,5.59454,3.0352,0.286,0.574,5.0,0.001,9286.82382273674
17402,5.80865,3.24932,0.244,0.518,4.0,0.001,9286.765660524368
17601,5.69586,3.13701,0.284,0.564,5.0,0.001,9394.160766601562
17600,5.6519,3.09304,0.264,0.556,5.0,0.001,9393.287999629974
17602,5.62088,3.06203,0.31,0.564,3.0,0.001,9394.83569908142
17801,5.71046,3.15208,0.288,0.526,5.0,0.001,9500.866537809372
17801,5.72385,3.16547,0.256,0.54,7.0,0.001,9501.488915920258
17801,5.69867,3.14029,0.274,0.554,5.0,0.001,9500.677273750305
18000,5.5646,3.0067,0.29,0.572,5.0,0.001,9607.347714662552
18001,5.46482,2.90692,0.35,0.614,5.0,0.001,9608.074271678925
18002,5.72017,3.16227,0.238,0.544,3.0,0.001,9608.1954600811
18201,5.65556,3.09814,0.322,0.532,5.0,0.001,9715.19656920433
18201,5.55438,2.99695,0.318,0.582,6.0,0.001,9715.329912424088
18202,5.72516,3.16774,0.262,0.538,5.0,0.001,9716.110654115677
18400,5.68864,3.13169,0.268,0.532,5.0,0.001,9820.473138093948
18400,5.73817,3.18122,0.27,0.512,5.0,0.001,9821.088199138641
18401,5.7138,3.15685,0.3,0.552,5.0,0.001,9820.280667543411
18600,5.65542,3.09895,0.27,0.542,4.0,0.001,9927.658665418625
18601,5.77717,3.2207,0.236,0.53,5.0,0.001,9927.25624704361
18602,5.69513,3.13866,0.26,0.526,5.0,0.001,9929.485829591751
18800,5.61955,3.06355,0.288,0.548,5.0,0.001,10033.418197154999
18801,5.67903,3.12304,0.29,0.556,5.0,0.001,10035.075008392334
19000,5.63007,3.07455,0.31,0.538,5.0,0.001,10140.057940483093
19002,5.59086,3.03534,0.27,0.57,5.0,0.001,10140.921845436096
19001,5.69453,3.13901,0.252,0.526,5.0,0.001,10140.974028348923
19200,5.64068,3.08564,0.29,0.544,5.0,0.001,10246.583333015442
19400,5.60274,3.04818,0.286,0.562,5.0,0.001,10352.152211666107
19401,5.74682,3.19227,0.252,0.526,5.0,0.001,10353.387911319733
19402,5.65111,3.09656,0.276,0.558,5.0,0.001,10352.491676092148
19600,5.7794,3.22532,0.28,0.508,5.0,0.001,10460.686197757721
19601,5.67509,3.12101,0.284,0.57,5.0,0.001,10460.941461324692
19602,5.56002,3.00595,0.288,0.58,5.0,0.001,10461.399476766586
19800,5.71824,3.16464,0.292,0.542,5.0,0.001,10566.73868227005
19800,5.69905,3.14544,0.276,0.558,5.0,0.001,10566.78302526474
19801,5.62737,3.07377,0.304,0.534,4.0,0.001,10566.937740802765
19802,5.70858,3.15498,0.268,0.526,5.0,0.001,10567.845597982407
20001,5.54123,2.98811,0.286,0.572,5.0,0.001,10673.38321685791
20001,5.67268,3.11956,0.276,0.544,6.0,0.001,10674.321694374084
20200,5.69694,3.1443,0.29,0.552,4.0,0.001,10779.607529640198
20202,5.55148,2.99884,0.29,0.562,6.0,0.001,10781.247394561768
20202,5.63297,3.08033,0.306,0.582,5.0,0.001,10781.428566455841
20401,5.53187,2.97971,0.294,0.582,5.0,0.001,10886.727453708649
20401,5.73873,3.18657,0.282,0.528,6.0,0.001,10887.284904241562
20402,5.6571,3.10495,0.286,0.568,5.0,0.001,10887.744861602783
20600,5.78129,3.2296,0.242,0.494,5.0,0.001,10993.442415952682
20600,5.65816,3.10647,0.296,0.544,5.0,0.001,10993.370427131653
20801,5.70423,3.15303,0.272,0.544,5.0,0.001,11100.029151916504
20800,5.67067,3.11946,0.256,0.558,5.0,0.001,11100.276040315628
20802,5.53301,2.9818,0.334,0.588,5.0,0.001,11100.12763261795
21000,5.64465,3.09393,0.32,0.526,6.0,0.001,11205.365501403809
21000,5.54622,2.9955,0.276,0.588,4.0,0.001,11206.32371020317
21001,5.51772,2.967,0.294,0.596,5.0,0.001,11207.024919748306
21002,5.595,3.04428,0.292,0.56,5.0,0.001,11207.418366909027
21202,5.59373,3.04348,0.298,0.558,5.0,0.001,11313.480674505234
21202,5.61117,3.06092,0.328,0.568,5.0,0.001,11314.120931148529
21202,5.57691,3.02666,0.304,0.562,5.0,0.001,11314.184723854065
21400,5.7579,3.20812,0.27,0.536,5.0,0.001,11419.744319677353
21400,5.64681,3.09703,0.288,0.534,5.0,0.001,11419.199330806732
21401,5.63769,3.08791,0.314,0.574,5.0,0.001,11420.317955732346
21402,5.6994,3.14963,0.272,0.538,5.0,0.001,11422.232865333557
21600,5.547,2.99771,0.324,0.59,5.0,0.001,11527.149660348892
21602,5.55775,3.00846,0.316,0.556,6.0,0.001,11527.454321622849
21800,5.78184,3.23302,0.258,0.52,6.0,0.001,11631.906681776047
21802,5.44756,2.89874,0.288,0.594,5.0,0.001,11633.959394454956
21802,5.62021,3.07139,0.268,0.564,5.0,0.001,11634.068051099777
22000,5.50281,2.95447,0.32,0.58,4.0,0.001,11739.979083061218
22002,5.7356,3.18726,0.28,0.532,6.0,0.001,11741.074368953705
22200,5.70541,3.15755,0.264,0.558,5.0,0.001,11845.83818411827
22201,5.53666,2.9888,0.318,0.56,4.0,0.001,11846.112181663513
22202,5.8783,3.33044,0.246,0.482,5.0,0.001,11847.221427202225
22401,5.5163,2.96891,0.324,0.578,6.0,0.001,11951.783981084824
22401,5.65724,3.10985,0.278,0.572,5.0,0.001,11952.29729270935
22401,5.73603,3.18864,0.286,0.542,5.0,0.001,11952.785150766373
22402,5.56914,3.02176,0.324,0.538,5.0,0.001,11952.842259645462
22600,5.63642,3.0895,0.294,0.546,5.0,0.001,12057.848873376846
22600,5.56703,3.02011,0.288,0.57,6.0,0.001,12058.260189533234
22600,5.60945,3.06254,0.276,0.546,6.0,0.001,12058.79284620285
22601,5.55897,3.01206,0.3,0.594,5.0,0.001,12060.039135456085
22602,5.58351,3.0366,0.314,0.584,5.0,0.001,12059.390491485596
22800,5.52132,2.97488,0.324,0.576,5.0,0.001,12165.960173368454
22801,5.68954,3.14311,0.27,0.538,5.0,0.001,12166.467195034027
22802,5.54289,2.99645,0.284,0.554,5.0,0.001,12166.745747089386
23001,5.63982,3.09385,0.306,0.546,6.0,0.001,12272.560142278671
23001,5.73087,3.18491,0.264,0.542,5.0,0.001,12273.613237857819
23200,5.73593,3.19044,0.27,0.538,3.0,0.001,12378.975181102753
23202,5.6785,3.13302,0.282,0.54,5.0,0.001,12379.229141950607
23202,5.64986,3.10438,0.252,0.542,7.0,0.001,12381.100351810455
23401,5.4905,2.94548,0.3,0.582,5.0,0.001,12485.4079413414
23401,5.70022,3.1552,0.254,0.538,6.0,0.001,12485.979335308075
23402,5.62998,3.08497,0.274,0.554,5.0,0.001,12485.505731344223
23601,5.52469,2.98015,0.308,0.548,5.0,0.001,12591.979559898376
23601,5.56309,3.01855,0.316,0.558,6.0,0.001,12591.399175405502
23602,5.68694,3.1424,0.25,0.522,4.0,0.001,12592.643448114395
23800,5.6549,3.11084,0.292,0.562,4.0,0.001,12699.098991394043
23801,5.61447,3.07041,0.306,0.558,5.0,0.001,12698.970366716385
23802,5.51675,2.97269,0.308,0.564,5.0,0.001,12700.508567333221
24000,5.60956,3.06597,0.296,0.534,5.0,0.001,12806.220286130905
24001,5.48354,2.93996,0.3,0.608,5.0,0.0001,12807.122027397156
24002,5.57915,3.03558,0.292,0.562,3.0,0.0001,12807.5286090374
24200,5.54803,3.00454,0.32,0.568,5.0,0.0001,12912.161103248596
24200,5.54892,3.00544,0.284,0.58,6.0,0.0001,12912.470793008804
24202,5.68819,3.14471,0.272,0.51,5.0,0.0001,12913.291201591492
24202,5.6438,3.10031,0.296,0.56,5.0,0.0001,12913.38196516037
24401,5.6323,3.08887,0.274,0.534,5.0,0.0001,13019.196662664413
24401,5.60035,3.05692,0.272,0.562,5.0,0.0001,13019.43840956688
24402,5.48477,2.94134,0.318,0.588,5.0,0.0001,13019.55858039856
24601,5.50174,2.95835,0.296,0.564,5.0,0.0001,13125.927563905716
24602,5.6893,3.14591,0.268,0.536,4.0,0.0001,13126.879746437073
24602,5.57901,3.03562,0.262,0.552,4.0,0.0001,13126.914252281189
24800,5.57427,3.03094,0.296,0.594,6.0,0.0001,13232.412376403809
24800,5.60287,3.05954,0.276,0.552,5.0,0.0001,13233.034351110458
24801,5.4925,2.94917,0.302,0.58,5.0,0.0001,13233.490318775177
24802,5.5576,3.01427,0.32,0.56,5.0,0.0001,13234.044884204865
25000,5.61844,3.07515,0.272,0.556,5.0,0.0001,13340.137449264526
25001,5.58488,3.04159,0.282,0.538,5.0,0.0001,13340.563415527344
25002,5.5202,2.97692,0.296,0.572,4.0,0.0001,13341.218922376633
25200,5.52383,2.98059,0.302,0.588,5.0,0.0001,13446.106881141663
25201,5.68788,3.14465,0.278,0.536,5.0,0.0001,13447.522247552872
25400,5.59798,3.05479,0.258,0.562,5.0,0.0001,13552.602103948593
25401,5.64988,3.1067,0.282,0.552,5.0,0.0001,13554.51775765419
25602,5.6503,3.10717,0.256,0.52,6.0,0.0001,13660.460695028305
25602,5.41093,2.8678,0.324,0.61,6.0,0.0001,13659.652559041977
25602,5.56872,3.02559,0.29,0.542,4.0,0.0001,13660.785377264023
26001,5.76489,3.22186,0.292,0.512,6.0,0.0001,13871.996574401855
26001,5.5469,3.00387,0.31,0.578,4.0,0.0001,13873.162019968033
26201,5.54405,3.00107,0.32,0.574,5.0,0.0001,13980.02224445343
26201,5.5047,2.96171,0.288,0.574,5.0,0.0001,13980.573354244232
26201,5.41329,2.87031,0.308,0.612,5.0,0.0001,13980.531914710999
26202,5.59083,3.04785,0.314,0.54,5.0,0.0001,13981.368651866913
26401,5.49827,2.95534,0.3,0.58,6.0,0.0001,14087.151678562164
26401,5.6734,3.13047,0.314,0.558,5.0,0.0001,14088.752749443054
26601,5.60967,3.06679,0.296,0.596,5.0,0.0001,14193.832871437073
26601,5.6889,3.14602,0.254,0.552,5.0,0.0001,14193.827254533768
26601,5.53498,2.9921,0.304,0.582,5.0,0.0001,14194.252269029617
26602,5.55556,3.01268,0.314,0.574,5.0,0.0001,14194.382328510284
26800,5.57298,3.03015,0.282,0.558,5.0,0.0001,14300.155010223389
26800,5.529,2.98617,0.296,0.572,6.0,0.0001,14300.434087276459
26801,5.51717,2.97434,0.296,0.556,5.0,0.0001,14301.336694955826
27002,5.51601,2.97323,0.324,0.594,6.0,0.0001,14408.278831720352
27002,5.5164,2.97362,0.314,0.574,6.0,0.0001,14408.208824634552
27002,5.45631,2.91353,0.308,0.594,5.0,0.0001,14408.101544618607
27201,5.57764,3.03491,0.27,0.558,6.0,0.0001,14514.74413394928
27201,5.72339,3.18066,0.272,0.528,5.0,0.0001,14514.835948467255
27202,5.52301,2.98028,0.29,0.568,5.0,0.0001,14514.235573768616
27401,5.50107,2.95839,0.328,0.576,5.0,0.0001,14621.694679737091
27401,5.63271,3.09003,0.29,0.558,6.0,0.0001,14620.576936721802
27600,5.47074,2.92811,0.316,0.588,5.0,0.0001,14726.993611335754
27601,5.43403,2.8914,0.316,0.562,5.0,0.0001,14728.138582468033
27602,5.63229,3.08966,0.268,0.552,5.0,0.0001,14728.296105861664
27800,5.48234,2.93976,0.32,0.592,5.0,0.0001,14834.306335449219
27801,5.55752,3.01494,0.288,0.586,3.0,0.0001,14834.914060354233
27802,5.67214,3.12957,0.27,0.554,5.0,0.0001,14836.14439368248
28000,5.69831,3.15578,0.294,0.558,5.0,0.0001,14940.903393507004
28002,5.45777,2.91524,0.324,0.582,5.0,0.0001,14942.299655675888
28002,5.45092,2.90839,0.326,0.604,5.0,0.0001,14942.367213964462
28200,5.58332,3.04084,0.3,0.55,5.0,0.0001,15047.327801942825
28200,5.71816,3.17569,0.3,0.514,5.0,0.0001,15047.55153632164
28200,5.58788,3.0454,0.306,0.572,4.0,0.0001,15047.574793577194
28201,5.56442,3.02195,0.312,0.58,6.0,0.0001,15048.234241008759
28400,5.71349,3.17106,0.304,0.53,5.0,0.0001,15154.4701795578
28401,5.49317,2.95074,0.326,0.59,5.0,0.0001,15155.78140449524
28402,5.51115,2.96872,0.304,0.588,4.0,0.0001,15155.864732265472
28602,5.56685,3.02447,0.294,0.584,5.0,0.0001,15261.812116622925
28602,5.60365,3.06127,0.316,0.566,5.0,0.0001,15261.882245540619
28602,5.50846,2.96608,0.324,0.568,5.0,0.0001,15262.139808177948
28800,5.58577,3.04344,0.312,0.55,5.0,0.0001,15367.968168020248
28801,5.60832,3.06599,0.31,0.558,5.0,0.0001,15367.88572192192
28802,5.57104,3.02871,0.292,0.55,5.0,0.0001,15368.931642055511
29000,5.54574,3.00346,0.308,0.572,5.0,0.0001,15474.055059194565
29002,5.58398,3.0417,0.284,0.578,5.0,0.0001,15474.820170640945
29002,5.4534,2.91112,0.304,0.604,6.0,0.0001,15474.313167333603
29202,5.60765,3.06542,0.292,0.544,5.0,0.0001,15581.327311515808
29202,5.6251,3.08288,0.272,0.562,5.0,0.0001,15581.398396968842
29202,5.55022,3.008,0.296,0.59,5.0,0.0001,15581.40082859993
29400,5.50218,2.96,0.308,0.592,4.0,0.0001,15687.320731163025
29401,5.61148,3.0693,0.296,0.588,4.0,0.0001,15688.437603473663
29402,5.53275,2.99057,0.29,0.586,5.0,0.0001,15688.755212545395
29601,5.55505,3.01292,0.31,0.574,5.0,0.0001,15793.832340955734
29601,5.65381,3.11168,0.278,0.554,6.0,0.0001,15793.235526800156
29802,5.58479,3.04272,0.29,0.562,5.0,0.0001,15900.118071079254
29802,5.55846,3.01639,0.308,0.574,6.0,0.0001,15900.464198827744
29802,5.47167,2.92959,0.29,0.596,6.0,0.0001,15899.645540952682
30000,5.42068,2.87865,0.28,0.62,5.0,0.0001,16006.59831738472
30000,5.51178,2.96975,0.314,0.57,5.0,0.0001,16006.014509439468
30001,5.70106,3.15904,0.266,0.552,5.0,0.0001,16007.628145694733
30002,5.50432,2.96229,0.338,0.598,5.0,0.0001,16008.192753791809
30201,5.60066,3.05868,0.282,0.552,5.0,0.0001,16114.357542514801
30201,5.55696,3.01498,0.308,0.574,5.0,0.0001,16114.181281805038
30201,5.62938,3.0874,0.282,0.552,5.0,0.0001,16114.728913545609
30202,5.61135,3.06938,0.292,0.564,5.0,0.0001,16115.229443073273
30400,5.56678,3.02485,0.294,0.59,5.0,0.0001,16221.666194677353
30400,5.51536,2.97344,0.288,0.586,5.0,0.0001,16220.636740207672
30402,5.57755,3.03562,0.322,0.586,4.0,0.0001,16221.922605991364
30402,5.50897,2.96705,0.284,0.556,4.0,0.0001,16222.404054164886
30601,5.5682,3.02633,0.286,0.538,5.0,0.0001,16328.33181643486
30600,5.54404,3.00216,0.314,0.59,5.0,0.0001,16328.48562169075
30602,5.60332,3.06144,0.28,0.544,4.0,0.0001,16328.865682125092
30801,5.417,2.87518,0.3,0.602,5.0,0.0001,16435.290296792984
30801,5.54786,3.00604,0.31,0.594,5.0,0.0001,16435.48162341118
30801,5.51634,2.97451,0.302,0.574,5.0,0.0001,16435.5420088768
30802,5.52852,2.9867,0.31,0.608,5.0,0.0001,16436.02987408638
31000,5.68234,3.14056,0.27,0.542,5.0,0.0001,16541.865414857864
31000,5.46742,2.92564,0.326,0.582,5.0,0.0001,16541.27511358261
31000,5.55568,3.01391,0.31,0.56,5.0,0.0001,16542.1779897213
31001,5.60009,3.05831,0.288,0.55,5.0,0.0001,16543.312113761902
31002,5.6572,3.11543,0.28,0.548,5.0,0.0001,16543.901374816895
31200,5.66451,3.12279,0.272,0.548,5.0,0.0001,16649.104436159134
31200,5.41573,2.874,0.314,0.618,5.0,0.0001,16648.441009521484
31200,5.47224,2.93052,0.3,0.57,5.0,0.0001,16649.65255498886
31202,5.4778,2.93607,0.31,0.564,5.0,0.0001,16650.11244702339
31202,5.52358,2.98186,0.306,0.564,6.0,0.0001,16650.79483270645
31400,5.53518,2.9935,0.298,0.572,4.0,0.0001,16756.56192445755
31401,5.55254,3.01086,0.29,0.572,5.0,0.0001,16756.265926599503
31400,5.5676,3.02592,0.312,0.574,6.0,0.0001,16757.40253686905
31600,5.55148,3.00986,0.294,0.564,5.0,0.0001,16863.134618520737
31601,5.57508,3.03345,0.29,0.56,4.0,0.0001,16864.039916992188
31602,5.61182,3.0702,0.272,0.554,5.0,0.0001,16865.200478076935
31800,5.77857,3.237,0.254,0.528,5.0,0.0001,16969.58837080002
31800,5.65134,3.10976,0.272,0.532,5.0,0.0001,16969.748028755188
31802,5.49191,2.95034,0.282,0.596,6.0,0.0001,16970.518191099167
31802,5.4853,2.94373,0.302,0.58,4.0,0.0001,16970.613740205765
32000,5.62656,3.08504,0.302,0.55,5.0,1e-05,17076.372559547424
32001,5.62576,3.08424,0.284,0.582,5.0,1e-05,17077.421434879303
32002,5.47482,2.9333,0.33,0.58,5.0,1e-05,17077.681163549423
32201,5.59126,3.04974,0.272,0.554,5.0,1e-05,17183.41701889038
32201,5.50736,2.96584,0.294,0.582,5.0,1e-05,17183.660541534424
32201,5.43842,2.89691,0.318,0.608,5.0,1e-05,17183.645468235016
32202,5.65855,3.11703,0.258,0.56,4.0,1e-05,17184.085959672928
32401,5.54819,3.00667,0.296,0.586,6.0,1e-05,17290.455642700195
32401,5.61286,3.07135,0.304,0.562,5.0,1e-05,17290.256222248077
32402,5.59098,3.04947,0.288,0.572,5.0,1e-05,17291.30342578888
32600,5.79414,3.25263,0.256,0.518,5.0,1e-05,17396.53997373581
32601,5.60408,3.06256,0.314,0.562,5.0,1e-05,17396.906693935394
32602,5.61784,3.07633,0.278,0.558,5.0,1e-05,17396.621506214142
32801,5.63228,3.09077,0.28,0.564,5.0,1e-05,17503.84310555458
32801,5.68362,3.14211,0.282,0.522,6.0,1e-05,17504.20090174675
33000,5.52433,2.98282,0.284,0.582,5.0,1e-05,17611.006345272064
33001,5.65449,3.11298,0.274,0.554,5.0,1e-05,17611.52786707878
33200,5.57531,3.0338,0.306,0.572,5.0,1e-05,17717.251202344894
33202,5.53553,2.99402,0.31,0.568,5.0,1e-05,17717.223136901855
33202,5.44482,2.90331,0.306,0.588,5.0,1e-05,17717.636662483215
33401,5.51061,2.96911,0.288,0.57,4.0,1e-05,17823.90816307068
33401,5.53979,2.99829,0.302,0.574,6.0,1e-05,17824.831970214844
33402,5.64531,3.10381,0.286,0.534,5.0,1e-05,17824.05257487297
33600,5.51125,2.96975,0.32,0.592,5.0,1e-05,17930.755643606186
33602,5.49631,2.95481,0.318,0.556,5.0,1e-05,17930.939070940018
33602,5.59603,3.05453,0.32,0.556,6.0,1e-05,17932.855850458145
33801,5.44029,2.89878,0.324,0.584,4.0,1e-05,18038.33165884018
33801,5.62344,3.08194,0.282,0.564,6.0,1e-05,18038.28962302208
33802,5.47225,2.93075,0.292,0.554,5.0,1e-05,18038.92799782753
34000,5.50142,2.95992,0.28,0.582,4.0,1e-05,18144.081395864487
34002,5.57207,3.03057,0.31,0.568,5.0,1e-05,18144.83779644966
34002,5.48916,2.94766,0.314,0.582,6.0,1e-05,18145.401020765305
34200,5.66076,3.11926,0.3,0.568,5.0,1e-05,18251.10243010521
34200,5.57166,3.03016,0.298,0.562,6.0,1e-05,18251.334231376648
34201,5.56043,3.01894,0.306,0.578,5.0,1e-05,18251.5353679657
34202,5.5761,3.0346,0.27,0.568,5.0,1e-05,18253.096530914307
34400,5.45368,2.91218,0.296,0.602,5.0,1e-05,18359.313124895096
34400,5.47291,2.93142,0.332,0.61,5.0,1e-05,18359.41290616989
34402,5.42627,2.88478,0.308,0.562,5.0,1e-05,18359.88873386383
34402,5.67105,3.12956,0.288,0.55,5.0,1e-05,18359.95174908638
34600,5.59571,3.05422,0.318,0.55,5.0,1e-05,18465.375378131866
34600,5.46801,2.92652,0.312,0.59,5.0,1e-05,18465.809589624405
34602,5.69051,3.14902,0.254,0.526,5.0,1e-05,18466.411215782166
34602,5.71907,3.17758,0.262,0.522,6.0,1e-05,18465.73154425621
34800,5.61946,3.07797,0.25,0.55,5.0,1e-05,18572.811065673828
34801,5.47041,2.92892,0.302,0.582,5.0,1e-05,18572.543170928955
35000,5.61595,3.07447,0.298,0.524,5.0,1e-05,18680.09034228325
35002,5.62316,3.08167,0.284,0.564,5.0,1e-05,18680.152562856674
35002,5.5884,3.04692,0.28,0.546,6.0,1e-05,18680.712463855743
35201,5.50117,2.95968,0.312,0.582,5.0,1e-05,18787.029388427734
35201,5.52286,2.98138,0.286,0.578,6.0,1e-05,18786.67192697525
35202,5.58173,3.04025,0.284,0.554,5.0,1e-05,18787.928712129593
35400,5.54132,2.99984,0.302,0.598,5.0,1e-05,18893.729430913925
35402,5.64008,3.09859,0.286,0.546,5.0,1e-05,18893.616233110428
35402,5.62534,3.08386,0.28,0.568,5.0,1e-05,18894.72725391388
35602,5.61373,3.07225,0.304,0.562,5.0,1e-05,19002.062428712845
35602,5.59729,3.05581,0.282,0.556,5.0,1e-05,19001.915116786957
35602,5.59582,3.05434,0.296,0.558,5.0,1e-05,19002.558698177338
35602,5.56416,3.02268,0.314,0.556,5.0,1e-05,19001.817021131516
35800,5.49748,2.956,0.336,0.568,5.0,1e-05,19108.582919836044
35802,5.61664,3.07516,0.304,0.57,5.0,1e-05,19109.124181509018
36200,5.49001,2.94854,0.32,0.612,5.0,1e-05,19321.60957789421
36201,5.69899,3.15752,0.262,0.538,4.0,1e-05,19321.711248636246
36200,5.57306,3.03159,0.276,0.564,6.0,1e-05,19321.676807165146
36202,5.65894,3.11747,0.298,0.542,5.0,1e-05,19322.594330072403
36400,5.5214,2.97993,0.306,0.602,5.0,1e-05,19427.36320257187
36400,5.57383,3.03236,0.296,0.56,5.0,1e-05,19428.149924755096
36402,5.62928,3.0878,0.268,0.562,5.0,1e-05,19428.361884355545
36402,5.4257,2.88422,0.336,0.58,5.0,1e-05,19427.785375118256
36600,5.65833,3.11686,0.276,0.562,5.0,1e-05,19533.579573631287
36601,5.50915,2.96768,0.298,0.56,5.0,1e-05,19534.813231945038
36602,5.56437,3.0229,0.274,0.566,5.0,1e-05,19536.26362490654
36801,5.66488,3.12341,0.282,0.578,5.0,1e-05,19641.01407933235
36801,5.53232,2.99086,0.31,0.588,5.0,1e-05,19640.98124408722
36801,5.55173,3.01026,0.312,0.572,5.0,1e-05,19640.81052160263
36802,5.6407,3.09923,0.286,0.548,5.0,1e-05,19640.418682575226
37001,5.61448,3.07302,0.298,0.546,5.0,1e-05,19748.157207727432
37001,5.58629,3.04483,0.3,0.57,5.0,1e-05,19748.218371868134
37001,5.55168,3.01022,0.286,0.566,6.0,1e-05,19748.223266601562
37002,5.54384,3.00238,0.286,0.576,4.0,1e-05,19748.41675901413
37200,5.66593,3.12446,0.3,0.544,5.0,1e-05,19854.133194208145
37200,5.5543,3.01284,0.284,0.564,5.0,1e-05,19854.33701133728
37200,5.58251,3.04105,0.288,0.556,7.0,1e-05,19854.297280311584
37201,5.60724,3.06577,0.296,0.546,5.0,1e-05,19855.40394282341
37202,5.52498,2.98352,0.312,0.57,4.0,1e-05,19855.779750347137
37600,5.53079,2.98933,0.298,0.556,5.0,1e-05,20066.327690839767
37602,5.66666,3.1252,0.272,0.546,5.0,1e-05,20067.238048553467
37602,5.53027,2.98881,0.31,0.572,5.0,1e-05,20068.025534152985
37800,5.58057,3.03912,0.296,0.568,4.0,1e-05,20173.988800287247
37801,5.61212,3.07067,0.304,0.54,5.0,1e-05,20174.165429115295
37802,5.55477,3.01331,0.29,0.576,4.0,1e-05,20174.568243265152
38002,5.5655,3.02404,0.282,0.574,5.0,1e-05,20281.36619400978
38002,5.43223,2.89078,0.306,0.618,5.0,1e-05,20281.321923971176
38002,5.54323,3.00178,0.298,0.576,7.0,1e-05,20280.2461271286
38200,5.54376,3.00231,0.326,0.554,5.0,1e-05,20387.05085515976
38200,5.50965,2.9682,0.318,0.592,6.0,1e-05,20386.23982357979
38202,5.68009,3.13863,0.282,0.538,6.0,1e-05,20388.188446760178
38202,5.6229,3.08145,0.304,0.576,5.0,1e-05,20388.507034778595
38400,5.56357,3.02212,0.302,0.574,5.0,1e-05,20494.537672519684
38402,5.52776,2.98632,0.292,0.578,4.0,1e-05,20495.561933279037
38600,5.58917,3.04772,0.29,0.568,5.0,1e-05,20601.22631072998
38800,5.55646,3.01502,0.294,0.562,4.0,1e-05,20708.66597175598
39000,5.57963,3.03819,0.28,0.578,5.0,1e-05,20814.360508918762
39202,5.46659,2.92515,0.298,0.584,6.0,1e-05,20921.129006147385
39401,5.57066,3.02922,0.326,0.57,5.0,1e-05,21026.314960718155
39401,5.58247,3.04103,0.314,0.55,5.0,1e-05,21027.479074954987
39601,5.60044,3.05901,0.296,0.588,4.0,1e-05,21133.54540371895
39601,5.45227,2.91084,0.314,0.586,5.0,1e-05,21133.5049700737
39800,5.59618,3.05474,0.304,0.586,5.0,1e-05,21240.436549901962
