1,17.27624,11.72251,0.01,0.024,0.0,0.1,9.136815071105957
2,10.949,5.37995,0.002,0.032,0.0,0.1,13.213623523712158
201,10.7563,5.29711,0.008,0.024,2.0,0.1,153.00788950920105
201,10.75684,5.29764,0.01,0.03,2.0,0.1,136.4671003818512
202,10.75353,5.29542,0.004,0.026,2.0,0.1,149.2457790374756
401,10.63391,5.28295,0.008,0.038,2.0,0.1,289.1527187824249
602,10.54258,5.29847,0.006,0.028,2.0,0.1,429.5394115447998
602,10.54229,5.29819,0.002,0.022,2.0,0.1,434.32858633995056
802,10.43961,5.29939,0.002,0.018,3.0,0.1,557.4937715530396
802,10.43832,5.29809,0.0,0.026,2.0,0.1,569.3981714248657
802,10.43892,5.29911,0.006,0.03,4.0,0.1,574.9465839862823
1001,10.33782,5.29889,0.004,0.012,2.0,0.1,713.0585887432098
1002,10.33688,5.29844,0.0,0.02,4.0,0.1,719.855970621109
1002,10.33639,5.29795,0.004,0.022,5.0,0.1,703.3226659297943
1002,10.33526,5.29724,0.0,0.03,0.0,0.1,716.476368188858
1201,10.22918,5.29022,0.0,0.042,3.0,0.1,840.8925311565399
1201,10.22926,5.29029,0.006,0.034,2.0,0.1,852.8026232719421
1202,10.2277,5.28895,0.014,0.032,2.0,0.1,858.2126183509827
1402,10.08808,5.24665,0.01,0.03,2.0,0.1,976.3993835449219
1402,10.07069,5.22927,0.006,0.048,2.0,0.1,988.3321914672852
1402,10.08126,5.24021,0.014,0.05,4.0,0.1,993.8612279891968
1601,9.94548,5.19919,0.022,0.064,2.0,0.1,1112.3718781471252
1602,9.96,5.21418,0.01,0.052,4.0,0.1,1131.101467370987
1602,9.98084,5.23567,0.014,0.046,0.0,0.1,1116.2494959831238
1801,9.78965,5.13662,0.014,0.05,2.0,0.1,1265.9517233371735
1802,9.80811,5.15555,0.012,0.046,0.0,0.1,1270.1881029605865
1802,9.79925,5.14713,0.004,0.056,4.0,0.1,1254.4356260299683
2002,9.64086,5.07969,0.016,0.078,2.0,0.1,1386.7687063217163
2002,9.63594,5.07477,0.016,0.076,3.0,0.1,1398.9003584384918
2202,9.61496,5.14317,0.01,0.06,3.0,0.1,1531.0604991912842
2202,9.57392,5.10213,0.02,0.076,2.0,0.1,1535.9278707504272
2202,9.58916,5.11771,0.016,0.072,4.0,0.1,1520.5037996768951
2402,9.46965,5.08502,0.014,0.08,2.0,0.1,1653.9754371643066
2402,9.43975,5.05512,0.026,0.078,3.0,0.1,1665.8797008991241
2402,9.4208,5.03655,0.036,0.084,4.0,0.1,1671.3771884441376
2601,9.37007,5.0712,0.026,0.086,2.0,0.1,1787.2645552158356
2602,9.3909,5.09203,0.016,0.088,2.0,0.1,1804.2765564918518
2801,9.20014,4.98463,0.03,0.102,2.0,0.1,1935.7972044944763
2802,9.22623,5.01129,0.03,0.102,2.0,0.1,1932.7620100975037
3001,9.10282,4.96935,0.036,0.128,2.0,0.1,2051.5266869068146
3002,9.08258,4.94911,0.03,0.11,2.0,0.1,2068.1902248859406
3201,9.1059,5.05221,0.028,0.092,2.0,0.1,2204.071103811264
3202,9.02371,4.97058,0.032,0.15,2.0,0.1,2200.692314386368
3401,8.87269,4.89737,0.044,0.124,1.0,0.1,2323.9522190093994
3601,8.76367,4.86444,0.024,0.122,2.0,0.1,2476.4281141757965
3602,8.69074,4.79199,0.052,0.166,0.0,0.1,2478.8112065792084
3602,8.72564,4.82725,0.042,0.138,4.0,0.1,2465.516776561737
3801,8.58044,4.75607,0.052,0.16,2.0,0.1,2615.21076464653
3802,8.66546,4.8414,0.04,0.15,2.0,0.1,2600.671400785446
4001,8.61382,4.86257,0.038,0.136,2.0,0.1,2745.8373186588287
4002,8.64248,4.89136,0.032,0.124,2.0,0.1,2762.6224138736725
4202,8.6256,4.94557,0.034,0.136,3.0,0.1,2884.452493429184
4202,8.55351,4.87348,0.038,0.114,2.0,0.1,2901.225775718689
4202,8.49919,4.81995,0.038,0.128,4.0,0.1,2898.1374695301056
4402,8.34363,4.73334,0.056,0.196,2.0,0.1,3048.1220960617065
4402,8.28778,4.67749,0.068,0.202,2.0,0.1,3044.5160937309265
4402,8.26294,4.65283,0.076,0.206,4.0,0.1,3032.693738222122
4601,8.14243,4.59981,0.056,0.206,1.0,0.1,3182.5593085289
4602,8.11241,4.56979,0.048,0.21,2.0,0.1,3170.845059156418
4801,8.31353,4.83772,0.038,0.148,2.0,0.1,3333.32572388649
4801,8.18558,4.71002,0.058,0.162,3.0,0.1,3322.4554953575134
4801,8.16637,4.69081,0.044,0.196,3.0,0.1,3339.0965418815613
5001,8.05294,4.64187,0.04,0.164,2.0,0.1,3485.5115673542023
5001,8.04094,4.63018,0.044,0.184,3.0,0.1,3505.4928426742554
5002,8.03192,4.6213,0.072,0.212,4.0,0.1,3503.553687095642
5202,7.78346,4.43571,0.074,0.23,3.0,0.1,3649.25754737854
5202,7.82985,4.48211,0.06,0.222,2.0,0.1,3653.9452664852142
5401,7.85031,4.56464,0.064,0.202,2.0,0.1,3791.814903974533
5401,7.79886,4.51319,0.056,0.232,2.0,0.1,3803.760438680649
5402,7.81578,4.53024,0.082,0.212,2.0,0.1,3809.025335788727
5601,7.56472,4.33918,0.094,0.25,2.0,0.1,3961.0855128765106
5602,7.62171,4.39681,0.098,0.252,2.0,0.1,3960.2728934288025
5801,7.56882,4.40275,0.094,0.25,2.0,0.1,4107.832948684692
5802,7.47865,4.31257,0.104,0.282,2.0,0.1,4120.136809587479
5802,7.45046,4.28439,0.11,0.266,4.0,0.1,4125.430364847183
6001,7.21415,4.10571,0.136,0.326,2.0,0.1,4262.327591896057
6002,7.27833,4.16997,0.106,0.302,2.0,0.1,4279.413863897324
6201,7.20666,4.15472,0.11,0.288,3.0,0.1,4415.118172645569
6201,7.35579,4.30384,0.1,0.284,2.0,0.1,4431.776320695877
6202,7.24694,4.19559,0.108,0.292,2.0,0.1,4429.230572462082
6401,7.24774,4.25089,0.122,0.284,2.0,0.1,4571.943957090378
6402,7.20658,4.20995,0.114,0.294,2.0,0.1,4589.163796424866
6602,7.30317,4.36008,0.092,0.254,2.0,0.1,4747.732652187347
6602,7.26167,4.31858,0.076,0.268,2.0,0.1,4732.434698343277
6801,6.89005,3.9991,0.126,0.368,3.0,0.1,4863.28542804718
6801,6.995,4.10405,0.13,0.332,2.0,0.1,4880.278160810471
6802,6.92334,4.03287,0.128,0.344,2.0,0.1,4876.530880689621
7002,7.01241,4.17298,0.114,0.282,3.0,0.1,4995.419018507004
7002,7.02152,4.18209,0.112,0.314,2.0,0.1,5012.254342317581
7201,6.88516,4.09554,0.14,0.314,1.0,0.1,5130.740386009216
7202,6.83746,4.04783,0.138,0.34,2.0,0.1,5147.601266860962
7402,6.83305,4.09191,0.12,0.326,2.0,0.1,5301.975465536118
7402,6.80941,4.06827,0.11,0.34,2.0,0.1,5306.8108904361725
7402,6.58778,3.84691,0.16,0.406,4.0,0.1,5292.136651515961
7601,6.76061,4.06686,0.142,0.348,2.0,0.1,5469.331960201263
7602,6.52554,3.83194,0.178,0.422,0.0,0.1,5479.578528165817
7602,6.44803,3.75443,0.17,0.42,4.0,0.1,5474.972581386566
7801,6.70101,4.05339,0.126,0.346,2.0,0.1,5624.285140752792
7802,6.5325,3.88516,0.16,0.398,4.0,0.1,5633.428656101227
7802,6.43171,3.78454,0.204,0.404,0.0,0.1,5630.28617978096
8001,6.72139,4.11894,0.106,0.302,2.0,0.01,5774.491497516632
8002,6.70726,4.10484,0.12,0.304,0.0,0.01,5778.3296711444855
8002,6.66742,4.065,0.11,0.34,4.0,0.01,5794.923461437225
8002,6.56193,3.95951,0.16,0.38,4.0,0.01,5790.630275726318
8201,6.09865,3.50073,0.232,0.468,2.0,0.01,5954.1879341602325
8202,6.25782,3.65993,0.19,0.432,2.0,0.01,5952.475030183792
8401,6.15131,3.55824,0.208,0.436,2.0,0.01,6112.3628804683685
8402,6.12965,3.53662,0.194,0.458,2.0,0.01,6110.564254999161
8601,6.12459,3.53639,0.23,0.48,1.0,0.01,6267.749567985535
8601,6.32196,3.73377,0.17,0.402,3.0,0.01,6273.197722434998
8801,6.23282,3.64952,0.196,0.418,2.0,0.01,6433.22901558876
8801,6.24103,3.65772,0.196,0.448,3.0,0.01,6438.651002883911
9001,6.07667,3.49824,0.228,0.466,1.0,0.01,6608.455256462097
9002,6.03455,3.45615,0.242,0.492,0.0,0.01,6614.74138712883
9000,6.22298,3.64489,0.206,0.43,2.0,0.01,6662.403175115585
9000,6.20644,3.62836,0.198,0.414,3.0,0.01,6659.560086965561
9201,6.18101,3.60745,0.206,0.448,3.0,0.01,6810.193519115448
9201,5.99195,3.41839,0.22,0.5,2.0,0.01,6814.872488021851
9202,6.14499,3.57147,0.188,0.422,2.0,0.01,6799.903028011322
9402,6.0032,3.43455,0.254,0.488,3.0,0.01,6975.058791637421
9402,6.02605,3.4574,0.23,0.488,2.0,0.01,6979.89802980423
9402,6.04734,3.47871,0.228,0.466,4.0,0.01,6965.128396034241
9601,6.07678,3.51295,0.204,0.444,2.0,0.01,7127.254400968552
9602,6.15941,3.59557,0.174,0.468,2.0,0.01,7139.440486431122
9602,6.14483,3.581,0.212,0.462,4.0,0.01,7144.8129851818085
9801,6.10864,3.54961,0.236,0.468,2.0,0.01,7304.939491033554
9801,5.95173,3.39273,0.24,0.51,2.0,0.01,7289.91640162468
9802,6.23243,3.67344,0.178,0.394,2.0,0.01,7301.822417974472
10002,6.03467,3.48049,0.238,0.478,3.0,0.01,7451.209035873413
10002,6.12725,3.57307,0.198,0.468,3.0,0.01,7463.373102903366
10002,6.0863,3.53212,0.228,0.46,2.0,0.01,7468.188481330872
10201,5.90052,3.35112,0.226,0.514,2.0,0.01,7628.8494029045105
10201,5.95418,3.40478,0.218,0.502,3.0,0.01,7624.192965745926
10202,6.00906,3.4597,0.226,0.46,2.0,0.01,7613.897345542908
10401,5.94497,3.40037,0.23,0.488,2.0,0.01,7784.823928594589
10402,5.95787,3.41328,0.214,0.492,2.0,0.01,7790.307495355606
10601,6.02731,3.48748,0.22,0.476,2.0,0.01,7950.430033683777
10602,6.08799,3.54819,0.202,0.458,2.0,0.01,7936.5063462257385
10801,5.95103,3.41596,0.23,0.486,2.0,0.01,8096.926631450653
10802,5.88857,3.3535,0.226,0.48,2.0,0.01,8101.842968940735
11001,5.99942,3.46906,0.244,0.488,3.0,0.01,8222.505707263947
11001,6.06912,3.53875,0.194,0.442,2.0,0.01,8239.355284452438
11002,5.85816,3.32784,0.248,0.502,2.0,0.01,8236.080079555511
11201,6.0376,3.51194,0.224,0.436,3.0,0.01,8358.791830539703
11201,6.06704,3.54138,0.204,0.464,2.0,0.01,8375.475973844528
11202,5.90564,3.38003,0.206,0.462,2.0,0.01,8372.002183198929
11402,5.78517,3.26422,0.254,0.506,2.0,0.01,8495.594226360321
11402,5.80565,3.2847,0.258,0.492,2.0,0.01,8512.39623427391
11601,5.85037,3.33411,0.236,0.49,2.0,0.01,8661.121727466583
11602,5.70255,3.18629,0.268,0.536,2.0,0.01,8678.399116277695
11801,5.98364,3.472,0.198,0.476,2.0,0.01,8842.63119339943
11801,5.88654,3.37489,0.228,0.518,3.0,0.01,8848.003196001053
12002,5.74432,3.23733,0.254,0.526,3.0,0.01,9007.271142244339
12002,5.96091,3.45393,0.23,0.486,2.0,0.01,8995.367093086243
12002,5.87551,3.36853,0.236,0.506,4.0,0.01,9012.903715610504
12201,5.74059,3.23821,0.254,0.534,2.0,0.01,9176.998768568039
12202,5.72207,3.21972,0.26,0.518,2.0,0.01,9162.392212629318
12401,5.90425,3.40645,0.248,0.492,2.0,0.01,9318.918229579926
12402,5.76342,3.26564,0.244,0.534,4.0,0.01,9333.985303401947
12402,5.89351,3.39574,0.224,0.484,4.0,0.01,9339.349035263062
12402,5.77973,3.28199,0.23,0.504,0.0,0.01,9324.58294391632
12601,5.73308,3.23985,0.248,0.538,2.0,0.01,9496.895832300186
12601,5.9066,3.41336,0.232,0.494,3.0,0.01,9514.345799446106
12601,5.78177,3.28857,0.236,0.498,4.0,0.01,9511.007176160812
12801,5.92848,3.43979,0.246,0.49,2.0,0.01,9670.204996824265
12802,5.62616,3.13751,0.294,0.56,0.0,0.01,9680.759623527527
12802,5.75704,3.26838,0.234,0.516,4.0,0.01,9676.110210895538
13001,5.83974,3.35563,0.278,0.478,1.0,0.01,9827.114903450012
13002,5.85611,3.372,0.236,0.51,2.0,0.01,9832.066650390625
13002,5.82527,3.34116,0.252,0.48,2.0,0.01,9815.873590230942
13201,5.64718,3.16756,0.268,0.56,2.0,0.01,9975.713210344315
13202,5.55751,3.07791,0.302,0.566,4.0,0.01,9983.132486104965
13202,5.68688,3.20728,0.274,0.52,4.0,0.01,9967.848890542984
13202,5.68086,3.20126,0.26,0.552,0.0,0.01,9980.958887338638
13401,5.62747,3.15233,0.272,0.516,2.0,0.01,10129.436622858047
13401,5.70603,3.2309,0.244,0.538,3.0,0.01,10146.795451641083
13601,5.70439,3.23372,0.258,0.524,2.0,0.01,10295.816996574402
13601,5.739,3.26833,0.264,0.502,2.0,0.01,10291.150391101837
13602,5.7991,3.3285,0.26,0.498,2.0,0.01,10280.719336748123
13801,5.82487,3.35867,0.222,0.48,2.0,0.01,10430.164061307907
13802,5.83995,3.37376,0.254,0.498,2.0,0.01,10447.0777759552
14001,5.64888,3.18713,0.272,0.538,2.0,0.01,10596.512644529343
14002,5.6678,3.20607,0.25,0.532,2.0,0.01,10593.064766168594
14201,5.62406,3.16669,0.288,0.528,4.0,0.01,10729.932834863663
14201,5.6762,3.21883,0.238,0.54,2.0,0.01,10746.674609184265
14201,5.81731,3.35994,0.244,0.506,2.0,0.01,10742.032968044281
14402,5.6634,3.21042,0.278,0.54,2.0,0.01,10897.376242876053
14402,5.73751,3.28454,0.264,0.518,2.0,0.01,10894.036117315292
14601,5.7179,3.26933,0.27,0.498,3.0,0.01,11047.235411167145
14601,5.6242,3.17562,0.288,0.518,2.0,0.01,11052.010122060776
14602,5.80185,3.35332,0.236,0.492,2.0,0.01,11036.411666154861
14801,5.72043,3.27621,0.254,0.518,2.0,0.01,11180.333704471588
14802,5.53022,3.08602,0.294,0.568,4.0,0.01,11196.36068034172
14802,5.53692,3.09272,0.272,0.574,4.0,0.01,11201.033865451813
14802,5.46572,3.02154,0.302,0.596,0.0,0.01,11186.109625816345
15001,5.685,3.24513,0.27,0.504,2.0,0.01,11343.157087564468
15002,5.60084,3.161,0.274,0.544,2.0,0.01,11327.670329809189
15201,5.71696,3.2814,0.234,0.52,2.0,0.01,11479.732327222824
15201,5.84825,3.41272,0.234,0.508,3.0,0.01,11471.55952334404
15202,5.59624,3.16071,0.294,0.532,4.0,0.01,11488.496382951736
15202,5.43453,2.99901,0.294,0.56,0.0,0.01,11485.328065395355
15401,5.64508,3.21384,0.262,0.55,2.0,0.01,11644.039152145386
15401,5.76206,3.33082,0.236,0.506,3.0,0.01,11660.96619606018
15401,5.54457,3.11335,0.284,0.558,4.0,0.01,11658.761464595795
15601,5.78023,3.3533,0.242,0.494,2.0,0.01,11823.324000120163
15601,5.52611,3.09918,0.262,0.536,2.0,0.01,11811.5713160038
15602,5.47524,3.04831,0.296,0.548,2.0,0.01,11828.384027957916
15801,5.55858,3.13589,0.274,0.532,2.0,0.01,11985.796891212463
15802,5.52029,3.0976,0.25,0.544,2.0,0.01,11991.035741090775
16001,5.45201,3.03359,0.304,0.574,2.0,0.001,12150.304893016815
16002,5.44025,3.02183,0.288,0.568,4.0,0.001,12138.095923423767
16201,5.30405,2.88604,0.308,0.596,2.0,0.001,12295.638774871826
16202,5.37046,2.95246,0.322,0.584,2.0,0.001,12282.190677404404
16400,5.1546,2.73702,0.33,0.646,2.0,0.001,12536.268612861633
16401,5.49787,3.08029,0.302,0.566,0.0,0.001,12538.05416226387
16402,5.41665,2.99908,0.284,0.586,0.0,0.001,12541.138753414154
16400,5.47425,3.05668,0.28,0.538,3.0,0.001,12554.270014286041
16400,5.50138,3.08381,0.274,0.526,3.0,0.001,12542.765838384628
16602,5.40068,2.98354,0.284,0.58,3.0,0.001,12687.236213684082
16602,5.41788,3.00074,0.298,0.596,2.0,0.001,12692.20056605339
16602,5.25831,2.84117,0.314,0.612,3.0,0.001,12675.911905527115
16801,5.47715,3.06045,0.278,0.582,2.0,0.001,12822.700371742249
16801,5.34641,2.92971,0.318,0.57,3.0,0.001,12812.054305553436
17001,5.25654,2.84028,0.338,0.626,2.0,0.001,12958.255728721619
17002,5.38647,2.97021,0.314,0.578,0.0,0.001,12961.69534611702
17002,5.39843,2.98217,0.288,0.56,4.0,0.001,12967.985622882843
17201,5.28421,2.86839,0.316,0.624,2.0,0.001,13099.867954492569
17202,5.33997,2.92415,0.296,0.604,2.0,0.001,13084.201264858246
17401,5.5564,3.14102,0.28,0.538,2.0,0.001,13231.654624938965
17402,5.44204,3.02666,0.316,0.558,0.0,0.001,13237.962041378021
17402,5.67846,3.26309,0.256,0.552,4.0,0.001,13223.20608830452
17601,5.41102,2.99607,0.296,0.578,2.0,0.001,13377.494500398636
17602,5.26321,2.84826,0.326,0.6,2.0,0.001,13394.351495981216
17602,5.41128,2.99634,0.282,0.576,4.0,0.001,13391.185595035553
17801,5.36244,2.94794,0.292,0.574,2.0,0.001,13539.584021091461
17801,5.36386,2.94936,0.332,0.572,3.0,0.001,13557.030796527863
17801,5.38911,2.97461,0.286,0.588,4.0,0.001,13552.404549837112
18001,5.21054,2.79649,0.322,0.616,1.0,0.001,13714.450108528137
18001,5.37225,2.9582,0.322,0.57,3.0,0.001,13699.227298021317
18002,5.64344,3.22939,0.252,0.522,2.0,0.001,13711.20598769188
18201,5.34754,2.93393,0.294,0.614,1.0,0.001,13872.791439533234
18202,5.36055,2.94694,0.322,0.594,2.0,0.001,13857.75261259079
18401,5.30871,2.89554,0.32,0.582,2.0,0.001,14026.453911542892
18401,5.45207,3.0389,0.31,0.578,2.0,0.001,14031.625754356384
18402,5.33822,2.92505,0.29,0.58,2.0,0.001,14016.794955253601
18601,5.47672,3.064,0.292,0.558,2.0,0.001,14179.004076719284
18601,5.41443,3.0017,0.312,0.572,3.0,0.001,14196.368195056915
18800,5.4744,3.06211,0.274,0.57,3.0,0.001,14411.98173236847
18800,5.54698,3.13469,0.254,0.55,3.0,0.001,14423.905033826828
18800,5.50686,3.09457,0.288,0.548,2.0,0.001,14428.699021816254
19001,5.34811,2.93627,0.318,0.568,1.0,0.001,14558.808358669281
19002,5.49067,3.07883,0.278,0.558,2.0,0.001,14555.205760240555
19201,5.41243,3.00102,0.324,0.572,2.0,0.001,14688.228155136108
19202,5.50663,3.09523,0.282,0.536,0.0,0.001,14690.118567466736
19401,5.48678,3.07581,0.3,0.572,2.0,0.001,14820.94651222229
19402,5.30083,2.88987,0.304,0.612,2.0,0.001,14817.462391853333
19601,5.31414,2.90362,0.308,0.608,1.0,0.001,14943.53402543068
19602,5.23316,2.82265,0.314,0.606,0.0,0.001,14947.209281921387
19600,5.47969,3.06918,0.276,0.56,3.0,0.001,14976.11999964714
19600,5.35842,2.94791,0.31,0.576,2.0,0.001,14981.10177230835
19801,5.30468,2.89461,0.338,0.592,2.0,0.001,15127.050807476044
19802,5.50915,3.09908,0.294,0.55,0.0,0.001,15131.350847482681
19802,5.31933,2.90925,0.336,0.606,4.0,0.001,15148.974856615067
20002,5.40357,2.99393,0.296,0.568,2.0,0.001,15313.757065057755
20002,5.40242,2.99279,0.306,0.572,3.0,0.001,15297.196030378342
20202,5.24157,2.83237,0.306,0.612,2.0,0.001,15476.071322441101
20201,5.44785,3.03866,0.31,0.558,2.0,0.001,15465.134774208069
20401,5.42681,3.01806,0.3,0.594,2.0,0.001,15636.568729639053
20402,5.41943,3.01069,0.294,0.582,2.0,0.001,15621.791471481323
20601,5.37905,2.97074,0.324,0.56,2.0,0.001,15782.680848360062
20602,5.36431,2.956,0.302,0.574,2.0,0.001,15795.186457633972
20602,5.39794,2.98963,0.3,0.54,3.0,0.001,15800.265431880951
20801,5.39704,2.98917,0.322,0.578,2.0,0.001,15947.857665538788
20802,5.41495,3.00709,0.318,0.584,2.0,0.001,15960.16245508194
20802,5.37163,2.96376,0.318,0.58,4.0,0.001,15965.401848554611
21001,5.3207,2.91327,0.318,0.588,2.0,0.001,16134.138529539108
21002,5.47082,3.06339,0.282,0.58,2.0,0.001,16139.129129886627
21002,5.3586,2.95117,0.282,0.594,4.0,0.001,16123.794461727142
21201,5.36167,2.95468,0.308,0.608,2.0,0.001,16328.460351705551
21201,5.39999,2.993,0.268,0.61,3.0,0.001,16318.812192440033
21401,5.33146,2.92491,0.334,0.58,2.0,0.001,16566.021178245544
21402,5.36985,2.9633,0.302,0.58,4.0,0.001,16582.22813987732
21402,5.36741,2.96087,0.318,0.57,0.0,0.001,16587.157019615173
21602,5.53372,3.12762,0.288,0.578,2.0,0.001,16801.72084927559
21602,5.23713,2.83102,0.34,0.63,2.0,0.001,16789.873441696167
21602,5.32732,2.92121,0.296,0.604,4.0,0.001,16807.063995838165
21801,5.28272,2.87705,0.3,0.58,2.0,0.001,16952.732919692993
21802,5.3291,2.92344,0.316,0.594,2.0,0.001,16964.911675930023
21802,5.42834,3.02267,0.324,0.574,4.0,0.001,16970.20209145546
22001,5.38231,2.97709,0.324,0.586,2.0,0.001,17169.22340655327
22002,5.38876,2.98354,0.3,0.58,0.0,0.001,17186.931836605072
22002,5.43671,3.03149,0.306,0.56,4.0,0.001,17185.985305309296
22201,5.34599,2.9412,0.314,0.628,2.0,0.001,17473.917680978775
22201,5.3521,2.94731,0.312,0.592,3.0,0.001,17457.419495821
22202,5.42008,3.0153,0.298,0.574,2.0,0.001,17475.721979379654
22401,5.30251,2.89817,0.352,0.58,2.0,0.001,17681.801772356033
22401,5.36835,2.96401,0.302,0.566,3.0,0.001,17677.27052950859
22402,5.35586,2.95152,0.3,0.576,2.0,0.001,17667.12123990059
22601,5.11657,2.71267,0.334,0.628,2.0,0.001,17872.807812213898
22601,5.36249,2.95859,0.332,0.584,3.0,0.001,17889.898229599
22602,5.24337,2.83947,0.34,0.606,4.0,0.001,17890.247030735016
22801,5.40362,3.00016,0.292,0.568,2.0,0.001,18133.626083612442
22801,5.34313,2.93967,0.326,0.594,2.0,0.001,18131.841898918152
22802,5.45705,3.05359,0.27,0.546,2.0,0.001,18119.9641828537
23001,5.32838,2.92536,0.284,0.618,2.0,0.001,18352.449050426483
23002,5.36055,2.95753,0.298,0.588,0.0,0.001,18390.408999681473
23000,5.42087,3.01784,0.282,0.592,2.0,0.001,18385.935198545456
23002,5.29404,2.89102,0.304,0.614,4.0,0.001,18374.037194013596
23202,5.404,3.00142,0.326,0.596,2.0,0.001,18615.21004509926
23202,5.28767,2.88509,0.324,0.612,2.0,0.001,18612.19450712204
23202,5.38196,2.97938,0.304,0.55,4.0,0.001,18600.931931257248
23401,5.1835,2.78136,0.352,0.612,2.0,0.001,18818.578482866287
23401,5.36519,2.96305,0.314,0.598,2.0,0.001,18804.81573367119
23402,5.40923,3.00709,0.276,0.584,2.0,0.001,18818.01932477951
23601,5.3321,2.93039,0.304,0.6,2.0,0.001,19033.30789756775
23601,5.3285,2.9268,0.31,0.594,3.0,0.001,19050.887839078903
23601,5.28431,2.8826,0.324,0.582,3.0,0.001,19046.23812532425
23801,5.1888,2.78753,0.342,0.618,2.0,0.001,19337.37247300148
23802,5.31026,2.90899,0.298,0.616,2.0,0.001,19349.77807712555
24001,5.28986,2.88904,0.342,0.594,2.0,0.0001,19507.650015592575
24002,5.22959,2.82877,0.322,0.622,2.0,0.0001,19504.547238349915
24001,5.24949,2.84867,0.32,0.568,2.0,0.0001,19492.643043518066
24202,5.45663,3.05586,0.29,0.576,3.0,0.0001,19697.821506738663
24202,5.50162,3.10084,0.268,0.528,2.0,0.0001,19710.222056865692
24202,5.32143,2.92065,0.33,0.578,4.0,0.0001,19715.263335466385
24401,5.38704,2.98631,0.324,0.562,2.0,0.0001,19934.780076265335
24401,5.36308,2.96235,0.292,0.594,3.0,0.0001,19940.32221865654
24402,5.17409,2.77336,0.34,0.622,5.0,0.0001,19927.453847408295
24601,5.34225,2.94156,0.32,0.59,2.0,0.0001,20202.370060920715
24601,5.38823,2.98754,0.292,0.574,3.0,0.0001,20219.835710287094
24601,5.30825,2.90756,0.322,0.592,3.0,0.0001,20218.080597162247
24802,5.30791,2.90727,0.322,0.602,2.0,0.0001,20525.26186299324
24802,5.20592,2.80528,0.326,0.628,2.0,0.0001,20513.962413549423
25002,5.33515,2.93455,0.308,0.582,2.0,0.0001,20779.109932422638
25002,5.34189,2.94129,0.31,0.576,2.0,0.0001,20765.070305109024
25201,5.39604,2.99549,0.314,0.576,2.0,0.0001,20995.315031290054
25201,5.2671,2.86654,0.334,0.604,2.0,0.0001,21012.864001750946
25401,5.47741,3.0769,0.274,0.566,2.0,0.0001,21314.909217596054
25402,5.2553,2.85479,0.3,0.6,2.0,0.0001,21320.403389930725
25402,5.31742,2.91692,0.334,0.604,3.0,0.0001,21306.99792289734
25601,5.37071,2.97025,0.292,0.588,1.0,0.0001,21657.591855287552
25602,5.23656,2.8361,0.332,0.616,2.0,0.0001,21655.094724416733
25602,5.37792,2.97745,0.306,0.606,4.0,0.0001,21643.401615858078
25801,5.24473,2.84431,0.356,0.612,2.0,0.0001,21960.784131765366
25801,5.21469,2.81427,0.356,0.616,3.0,0.0001,21978.402987241745
26001,5.3022,2.90183,0.316,0.584,2.0,0.0001,22338.858304977417
26002,5.49783,3.09745,0.274,0.562,2.0,0.0001,22327.34016919136
26002,5.33831,2.93793,0.322,0.592,4.0,0.0001,22344.648599863052
26201,5.31662,2.91629,0.336,0.592,2.0,0.0001,22554.63925409317
26202,5.2086,2.80827,0.322,0.63,2.0,0.0001,22567.08426451683
26202,5.18701,2.78668,0.348,0.614,4.0,0.0001,22572.25931954384
26401,5.31506,2.91477,0.336,0.576,2.0,0.0001,22788.462782859802
26402,5.27208,2.87179,0.284,0.602,4.0,0.0001,22773.651549577713
26402,5.27524,2.87496,0.334,0.58,2.0,0.0001,22785.719940900803
26601,5.33554,2.9353,0.298,0.59,2.0,0.0001,23000.2845621109
26602,5.31074,2.9105,0.324,0.596,2.0,0.0001,22988.38068962097
26602,5.30863,2.90839,0.288,0.602,3.0,0.0001,23005.794303655624
26802,5.22846,2.82826,0.348,0.622,3.0,0.0001,23244.20579481125
26802,5.33192,2.93172,0.322,0.606,2.0,0.0001,23261.491218090057
26802,5.2991,2.8989,0.348,0.602,4.0,0.0001,23258.662242412567
27001,5.438,3.03785,0.286,0.57,2.0,0.0001,23478.12239599228
27002,5.29125,2.8911,0.332,0.596,2.0,0.0001,23487.17706012726
27201,5.22241,2.8223,0.328,0.614,2.0,0.0001,23743.877601146698
27202,5.31349,2.91338,0.308,0.588,2.0,0.0001,23731.973507881165
27202,5.19814,2.79804,0.33,0.588,3.0,0.0001,23749.46187233925
27401,5.28763,2.88757,0.324,0.61,2.0,0.0001,23965.273154973984
27402,5.40194,3.00188,0.3,0.578,4.0,0.0001,23964.41854786873
27400,5.39933,2.99926,0.312,0.608,3.0,0.0001,23976.462241888046
27402,5.33757,2.93751,0.334,0.602,0.0,0.0001,23981.6339533329
27601,5.18409,2.78407,0.352,0.602,2.0,0.0001,24259.64230275154
27600,5.39338,2.99336,0.3,0.566,3.0,0.0001,24255.546036958694
27602,5.44841,3.0484,0.288,0.586,0.0,0.0001,24272.72765469551
27602,5.31364,2.91362,0.312,0.598,4.0,0.0001,24272.11777663231
27801,5.27702,2.87704,0.346,0.594,2.0,0.0001,24549.97686934471
27800,5.20612,2.80615,0.332,0.636,2.0,0.0001,24538.921244621277
27802,5.1995,2.79952,0.338,0.628,4.0,0.0001,24553.558606863022
28002,5.33072,2.93079,0.318,0.594,2.0,0.0001,24766.25539970398
28002,5.1498,2.74987,0.326,0.62,2.0,0.0001,24754.689940690994
28002,5.34788,2.94795,0.302,0.584,4.0,0.0001,24771.997544288635
28201,5.30108,2.9012,0.328,0.588,2.0,0.0001,24948.081274032593
28201,5.24476,2.84487,0.324,0.602,2.0,0.0001,24959.991844892502
28202,5.36603,2.96615,0.29,0.564,2.0,0.0001,24965.22836637497
28401,5.31397,2.91413,0.3,0.578,2.0,0.0001,25151.932272434235
28402,5.4072,3.00736,0.282,0.564,2.0,0.0001,25163.88119316101
28402,5.2633,2.86346,0.322,0.6,4.0,0.0001,25168.992392778397
28601,5.34342,2.94363,0.292,0.582,3.0,0.0001,25312.545028448105
28601,5.34657,2.94677,0.306,0.588,2.0,0.0001,25329.169948101044
28602,5.39434,2.99455,0.304,0.552,2.0,0.0001,25326.27677178383
28801,5.3865,2.98675,0.288,0.568,2.0,0.0001,25485.334090471268
28801,5.11445,2.7147,0.34,0.64,3.0,0.0001,25482.74283838272
29002,5.35725,2.95755,0.3,0.588,2.0,0.0001,25643.008129119873
29001,5.43313,3.03342,0.298,0.568,2.0,0.0001,25626.49064898491
29001,5.19062,2.79091,0.304,0.626,2.0,0.0001,25638.50244307518
29201,5.28652,2.88686,0.34,0.604,2.0,0.0001,25784.03241467476
29201,5.42311,3.02345,0.296,0.582,1.0,0.0001,25800.88561987877
29202,5.28948,2.88982,0.322,0.614,2.0,0.0001,25797.71170091629
29401,5.31892,2.9193,0.318,0.606,2.0,0.0001,25942.66154384613
29402,5.33546,2.93585,0.31,0.596,2.0,0.0001,25955.238999843597
29402,5.26607,2.86646,0.312,0.598,3.0,0.0001,25960.239861011505
29601,5.36983,2.97026,0.296,0.578,2.0,0.0001,26170.9150326252
29601,5.33522,2.93565,0.314,0.59,2.0,0.0001,26176.44079899788
29602,5.3207,2.92113,0.334,0.602,3.0,0.0001,26162.8169734478
29802,5.34488,2.94535,0.316,0.576,2.0,0.0001,26335.084496974945
29802,5.34446,2.94494,0.298,0.578,2.0,0.0001,26330.998516082764
29802,5.33878,2.93925,0.306,0.6,4.0,0.0001,26320.531030654907
30001,5.4377,3.03822,0.296,0.57,2.0,0.0001,26481.31777071953
30001,5.24067,2.84119,0.328,0.612,2.0,0.0001,26497.92232108116
30001,5.314,2.91452,0.302,0.568,2.0,0.0001,26493.59824347496
30201,5.35936,2.95993,0.292,0.604,2.0,0.0001,26664.2313914299
30202,5.42768,3.02824,0.304,0.564,0.0,0.0001,26671.273486614227
30202,5.34156,2.94212,0.32,0.594,4.0,0.0001,26669.261781692505
30202,5.34607,2.94663,0.308,0.572,4.0,0.0001,26657.3579082489
30401,5.35734,2.95795,0.294,0.588,2.0,0.0001,26840.522154808044
30401,5.32646,2.92707,0.314,0.592,4.0,0.0001,26829.402221679688
30401,5.39977,3.00038,0.292,0.584,3.0,0.0001,26845.983968019485
30601,5.24487,2.84553,0.344,0.618,1.0,0.0001,27002.620062351227
30602,5.29022,2.89088,0.334,0.596,2.0,0.0001,26999.78284239769
30801,5.45133,3.05203,0.288,0.546,2.0,0.0001,27155.449561834335
30801,5.16412,2.76482,0.328,0.638,3.0,0.0001,27143.79428577423
30802,5.29558,2.89628,0.31,0.58,2.0,0.0001,27160.869525194168
31001,5.21741,2.81816,0.324,0.596,2.0,0.0001,27310.981689929962
31002,5.82806,3.4288,0.29,0.598,3.0,0.0001,27320.27889585495
31002,5.36347,2.96421,0.306,0.576,3.0,0.0001,27305.322450637817
31002,5.41582,3.01656,0.304,0.586,0.0,0.0001,27317.226706027985
31201,5.39052,2.9913,0.308,0.568,2.0,0.0001,27479.240211486816
31201,5.23185,2.83264,0.342,0.618,3.0,0.0001,27491.64964532852
31201,5.2657,2.86648,0.318,0.606,3.0,0.0001,27496.330223560333
31401,5.19725,2.79808,0.34,0.594,2.0,0.0001,27661.63957476616
31402,5.26793,2.86876,0.324,0.59,2.0,0.0001,27659.828470230103
31601,5.38377,2.98465,0.288,0.584,3.0,0.0001,27810.615987062454
31601,5.36225,2.96313,0.286,0.576,2.0,0.0001,27822.86065363884
31602,5.24382,2.8447,0.328,0.594,2.0,0.0001,27827.843480587006
31801,5.31049,2.91142,0.33,0.584,2.0,0.0001,27992.140687704086
31802,5.3612,2.96212,0.298,0.568,2.0,0.0001,27989.102752685547
31801,5.38474,2.98566,0.302,0.58,3.0,0.0001,27977.198498010635
32001,5.39341,2.99438,0.306,0.578,1.0,1e-05,28381.19616007805
32002,5.29167,2.89263,0.318,0.584,2.0,1e-05,28393.80518603325
32002,5.29345,2.89441,0.326,0.594,2.0,1e-05,28398.4866232872
32201,5.25025,2.85122,0.332,0.608,2.0,1e-05,28702.676196813583
32201,5.16975,2.77073,0.348,0.636,3.0,1e-05,28720.006422758102
32401,5.39638,2.99736,0.31,0.566,2.0,1e-05,29004.26880455017
32402,5.45575,3.05672,0.32,0.574,2.0,1e-05,29000.603289842606
32601,5.2778,2.87878,0.312,0.606,2.0,1e-05,29121.723853349686
32602,5.24996,2.85094,0.312,0.608,2.0,1e-05,29138.903193235397
32801,5.2835,2.88448,0.328,0.614,1.0,1e-05,29330.888903856277
32802,5.25342,2.8544,0.34,0.626,4.0,1e-05,29328.016928195953
32802,5.37684,2.97783,0.312,0.584,2.0,1e-05,29322.706516504288
33002,5.43882,3.0398,0.29,0.566,3.0,1e-05,29520.313449144363
33002,5.39954,3.00052,0.304,0.578,2.0,1e-05,29532.328275203705
33002,5.25608,2.85706,0.326,0.6,4.0,1e-05,29537.017187833786
33201,5.28569,2.88668,0.318,0.586,2.0,1e-05,29713.622487783432
33202,5.2934,2.89439,0.348,0.58,2.0,1e-05,29730.813482046127
33202,5.36349,2.96448,0.296,0.584,4.0,1e-05,29730.678846359253
33401,5.33684,2.93783,0.296,0.582,2.0,1e-05,29971.753066062927
33401,5.2771,2.87809,0.332,0.61,3.0,1e-05,29958.742153167725
33400,5.36155,2.96254,0.3,0.58,3.0,1e-05,29973.25737929344
33601,5.40713,3.00813,0.306,0.6,2.0,1e-05,30210.451692819595
33601,5.34592,2.94692,0.32,0.59,2.0,1e-05,30194.09431886673
33602,5.46891,3.06991,0.3,0.542,2.0,1e-05,30208.35997390747
33802,5.38263,2.98363,0.298,0.586,2.0,1e-05,30391.622625350952
33802,5.36516,2.96616,0.29,0.596,3.0,1e-05,30379.98051738739
33802,5.23911,2.84011,0.34,0.582,4.0,1e-05,30396.968915462494
34002,5.34501,2.94602,0.3,0.614,3.0,1e-05,30608.105311632156
34002,5.31623,2.91723,0.312,0.586,2.0,1e-05,30625.276014328003
34002,5.24512,2.84613,0.306,0.602,4.0,1e-05,30623.257155895233
34201,5.31652,2.91752,0.338,0.568,2.0,1e-05,30866.438414096832
34202,5.27167,2.87267,0.328,0.596,2.0,1e-05,30871.785250663757
34202,5.3652,2.96621,0.284,0.562,4.0,1e-05,30857.98062300682
34401,5.24082,2.84183,0.332,0.61,2.0,1e-05,31144.034254074097
34402,5.20529,2.8063,0.34,0.634,2.0,1e-05,31149.61662387848
34601,5.36776,2.96877,0.32,0.578,1.0,1e-05,31434.945327043533
34602,5.30808,2.90909,0.296,0.606,2.0,1e-05,31423.421409368515
34602,5.35047,2.95149,0.326,0.598,4.0,1e-05,31440.5080370903
34801,5.30176,2.90278,0.318,0.582,2.0,1e-05,31637.778244256973
34802,5.34206,2.94308,0.32,0.576,2.0,1e-05,31642.669510364532
34802,5.41101,3.01203,0.304,0.574,4.0,1e-05,31628.3171710968
35001,5.44804,3.04906,0.302,0.578,2.0,1e-05,31878.804055452347
35001,5.32202,2.92305,0.308,0.59,3.0,1e-05,31884.16727900505
35001,5.28033,2.88135,0.328,0.63,4.0,1e-05,31870.530148029327
35201,5.36606,2.96709,0.324,0.576,2.0,1e-05,32190.523027181625
35201,5.3612,2.96222,0.324,0.56,2.0,1e-05,32174.027511119843
35202,5.31535,2.91638,0.304,0.584,2.0,1e-05,32191.036788463593
35401,5.42692,3.02795,0.3,0.568,1.0,1e-05,32487.94567632675
35402,5.29229,2.89332,0.318,0.596,2.0,1e-05,32476.139579296112
35402,5.18731,2.78834,0.346,0.608,4.0,1e-05,32493.200179338455
35601,5.23742,2.83846,0.332,0.604,2.0,1e-05,32701.943983078003
35602,5.35568,2.95672,0.33,0.584,2.0,1e-05,32687.853279590607
35801,5.32913,2.93016,0.326,0.602,2.0,1e-05,32892.325629234314
35802,5.38937,2.99041,0.296,0.564,2.0,1e-05,32891.308319568634
36001,5.26839,2.86943,0.332,0.61,2.0,1e-05,33127.305342674255
36002,5.3992,3.00024,0.32,0.58,0.0,1e-05,33148.86398053169
36002,5.36127,2.96231,0.32,0.574,4.0,1e-05,33135.38790297508
36201,5.24453,2.84557,0.31,0.588,2.0,1e-05,33383.86007785797
36202,5.42528,3.02633,0.314,0.544,2.0,1e-05,33389.394240140915
36401,5.27952,2.88057,0.334,0.596,2.0,1e-05,33623.31037020683
36401,5.24449,2.84554,0.338,0.586,4.0,1e-05,33636.26828789711
36401,5.50243,3.10348,0.296,0.584,3.0,1e-05,33640.99963951111
36601,5.47093,3.07199,0.288,0.552,2.0,1e-05,33937.23987197876
36601,5.26817,2.86922,0.32,0.598,3.0,1e-05,33942.80501794815
36602,5.34553,2.94659,0.302,0.604,4.0,1e-05,33929.858070611954
36801,5.2904,2.89145,0.31,0.584,1.0,1e-05,34200.3071141243
36802,5.29365,2.89471,0.316,0.58,2.0,1e-05,34184.62483716011
37002,5.24751,2.84857,0.326,0.648,2.0,1e-05,34340.47250151634
37002,5.33668,2.93774,0.294,0.604,2.0,1e-05,34352.38812637329
37002,5.28652,2.88758,0.312,0.616,4.0,1e-05,34357.739454746246
37201,5.30455,2.90561,0.316,0.604,2.0,1e-05,34612.54997968674
37202,5.36775,2.96881,0.332,0.568,2.0,1e-05,34624.60348892212
37202,5.31776,2.91882,0.318,0.588,3.0,1e-05,34630.05628705025
37401,5.53147,3.13254,0.302,0.55,2.0,1e-05,34840.06847548485
37401,5.30244,2.9035,0.316,0.592,4.0,1e-05,34828.164204359055
37401,5.27768,2.87874,0.324,0.608,2.0,1e-05,34845.62859272957
37601,5.31234,2.91341,0.306,0.61,2.0,1e-05,35192.25872397423
37601,5.28637,2.88744,0.316,0.598,3.0,1e-05,35209.47653102875
37601,5.36224,2.96331,0.284,0.584,3.0,1e-05,35207.29867863655
37802,5.26693,2.868,0.316,0.602,3.0,1e-05,35484.316957473755
37802,5.23727,2.83834,0.33,0.62,2.0,1e-05,35489.81772542
38002,5.40854,3.00962,0.308,0.578,4.0,1e-05,35734.85410451889
38002,5.42356,3.02464,0.298,0.58,2.0,1e-05,35730.23632621765
38002,5.30575,2.90683,0.292,0.578,2.0,1e-05,35718.34410786629
38201,5.20801,2.80909,0.324,0.6,2.0,1e-05,35990.78582525253
38202,5.32372,2.9248,0.33,0.576,2.0,1e-05,36007.91311168671
38401,5.42064,3.02172,0.292,0.572,2.0,1e-05,36263.08647990227
38401,5.25293,2.85401,0.342,0.598,3.0,1e-05,36280.55610704422
38401,5.31784,2.91892,0.292,0.596,3.0,1e-05,36283.72397685051
38601,5.4308,3.03189,0.292,0.584,1.0,1e-05,36574.286328077316
38602,5.24694,2.84803,0.326,0.614,2.0,1e-05,36591.72026371956
38801,5.39459,2.99568,0.292,0.56,2.0,1e-05,36816.56942462921
38801,5.35203,2.95312,0.304,0.576,2.0,1e-05,36833.207968235016
38802,5.30469,2.90578,0.316,0.6,2.0,1e-05,36831.362641334534
39001,5.49032,3.09142,0.316,0.546,2.0,1e-05,37065.46327853203
39001,5.27869,2.87978,0.326,0.598,2.0,1e-05,37077.38655257225
39002,5.36953,2.97062,0.316,0.578,2.0,1e-05,37082.66025876999
39201,5.25798,2.85908,0.316,0.604,2.0,1e-05,37426.08421421051
39202,5.28599,2.88709,0.306,0.57,2.0,1e-05,37424.86183094978
39202,5.32271,2.92381,0.292,0.614,3.0,1e-05,37412.95854282379
39401,5.35059,2.9517,0.336,0.594,2.0,1e-05,37781.951174497604
39402,5.29434,2.89544,0.306,0.604,2.0,1e-05,37798.56865501404
39401,5.45179,3.05289,0.328,0.572,3.0,1e-05,37793.94020795822
39601,5.35906,2.96017,0.334,0.592,1.0,1e-05,37999.35717225075
39601,5.3534,2.95451,0.298,0.574,3.0,1e-05,37982.90882897377
39602,5.24364,2.84475,0.322,0.618,2.0,1e-05,37997.796011686325
39801,5.16948,2.77059,0.33,0.6,2.0,1e-05,38204.299616098404
39801,5.29127,2.89238,0.328,0.59,3.0,1e-05,38221.56774568558
40001,5.45383,3.05494,0.29,0.564,2.0,1e-05,38514.49670791626
40002,5.35108,2.9522,0.302,0.596,2.0,1e-05,38526.40330505371
40002,5.25972,2.86083,0.314,0.604,3.0,1e-05,38540.13285136223
